name,snow,resiliency,size,terrainDiversity,challenge,lifts,crowdFlow,facilities,navigation,mountainAesthetic,Total,overallRank,regionalRank,regionForRank,acreage,totalFootprint,liftServicedAcreage,liftServicedPercentage,trails,beginnerPercentage,intermediatePercentage,advancedPercentage,topElevation,verticalDrop,baseElevation,liftNum,lodging,apresSki,accessRoadTrafficFlow,abilityRangeLow,abilityRangeHigh,nearestCities,passAffiliation,city,stateProvince,country,Unnamed: 37,Unnamed: 38,Unnamed: 39,Unnamed: 40,Unnamed: 41,Unnamed: 42,Unnamed: 43,Unnamed: 44,Unnamed: 45,Unnamed: 46,Unnamed: 47,Unnamed: 48,Unnamed: 49,Unnamed: 50,Unnamed: 51,Unnamed: 52,Unnamed: 53,Unnamed: 54,Unnamed: 55,Unnamed: 56,Unnamed: 57,Unnamed: 58,Unnamed: 59,Unnamed: 60,Unnamed: 61,Unnamed: 62,Unnamed: 63,Unnamed: 64
Whistler Blackcomb,7,7,10,10,10,10,5,8,6,9,82,1.0,1.0,Western Canada,8171,8171,7338.0,89.8%,240,0.17,0.55,28.0%,7494,"5,280","2,214",37,yes,extensive,fair,beginner,extreme,"Vancouver (2.5 hrs), Seattle (5 hrs)",Epic Pass,Whistler,British Columbia,Canada,,,,,,,,,,,,,,,,,,,,,,,,,,,,
Alta,10,9,7,9,9,6,7,7,6,10,80,2.0,1.0,Utah,2200,2614,1700.0,77.3%,119,0.15,0.3,55.0%,11068,"2,538","8,530",11,limited,limited,poor,intermediate,expert,Salt Lake City (45 mins),"Ikon (excl. base pass), Mountain Collective",Alta,Utah,USA,,,,,,,,,,,,,,,,,,,,,,,,,,,,
Jackson Hole,9,9,7,8,10,7,7,7,7,9,80,3.0,1.0,Northern Rockies,2130,2500,1980.0,93.0%,133,0.1,0.4,50.0%,10450,"4,139","6,311",13,yes,extensive,good,advanced,extreme,"Jackson Hole (40 mins), Salt Lake City (5 hrs)","Ikon (excl. base pass), Mountain Collective",Teton Village,Wyoming,USA,,,,,,,,,,,,,,,,,,,,,,,,,,,,
Snowbird,10,8,8,8,10,7,6,7,6,9,79,4.0,2.0,Utah,2500,2500,2150.0,86.0%,169,0.08,0.22,70.0%,11000,"3,240","7,760",13,limited,limited,poor,intermediate,extreme,Salt Lake City (40 mins),"Ikon, Mountain Collective",Snowbird,Utah,USA,,,,,,,,,,,,,,,,,,,,,,,,,,,,
Banff Sunshine Village,9,9,7,9,8,7,6,8,6,9,78,5.0,2.0,Western Canada,2350,3358,1975.0,84.0%,137,0.2,0.55,25.0%,8974,"3,514","5,460",12,limited,extensive,,beginner,extreme,Calgary (1.5 hrs),"Ikon, Mountain Collective",Banff,Alberta,Canada,,,,,,,,,,,,,,,,,,,,,,,,,,,,
Vail,8,8,9,9,7,9,7,7,5,9,78,6.0,1.0,Colorado,5317,8184,,100.0%,195,0.18,0.29,53.0%,11570,"3,450","8,120",31,yes,extensive,fair,intermediate,expert,Denver (2.5 hrs),Epic Pass,Vail,Colorado,USA,,,,,,,,,,,,,,,,,,,,,,,,,,,,
Snowmass,8,8,8,9,8,8,6,9,6,8,78,7.0,2.0,Colorado,3339,5250,3000.0,89.8%,98,0.05,0.48,47.0%,12510,"4,406","8,104",16,yes,extensive,,intermediate,expert,"Aspen (15 mins), Denver (4 hrs)","Ikon, Mountain Collective",Snowmass Village,Colorado,USA,,,,,,,,,,,,,,,,,,,,,,,,,,,,
Telluride,8,7,7,9,9,6,8,7,6,10,77,8.0,3.0,Colorado,2016,3647,1746.0,86.6%,148,0.23,0.36,41.0%,13150,"4,450","8,700",17,yes,extensive,good,intermediate,extreme,"Montrose (1.5 hrs), Albuquerque (6 hrs), Denver (6.5 hrs)",Epic Pass (full pass only),Telluride,Colorado,USA,,,,,,,,,,,,,,,,,,,,,,,,,,,,
Snowbasin,8,8,7,7,7,7,8,10,6,8,76,9.0,3.0,Utah,2170,3000,2100.0,96.8%,107,0.08,0.35,57.0%,9350,"2,959","6,391",12,no,limited,acceptable,intermediate,expert,Salt Lake City (1 hr),"Ikon (excl. base pass), Mountain Collective",Huntsville,Utah,USA,,,,,,,,,,,,,,,,,,,,,,,,,,,,
Beaver Creek,8,8,7,7,8,9,8,9,6,6,76,10.0,4.0,Colorado,2082,4925,,100.0%,167,0.19,0.43,38.0%,11440,"3,340","8,100",24,yes,moderate,acceptable,beginner,expert,Denver (2.5 hrs),Epic Pass,Beaver Creek,Colorado,USA,,,,,,,,,,,,,,,,,,,,,,,,,,,,
Lake Louise,9,9,8,8,8,6,8,4,5,10,75,11.0,3.0,Western Canada,3000,4200,2945.0,98.2%,164,0.1,0.16,74.0%,8650,"3,250","5,400",11,no,limited,,intermediate,extreme,Calgary (2 hrs),"Ikon, Mountain Collective",Lake Louise,Alberta,Canada,,,,,,,,,,,,,,,,,,,,,,,,,,,,
Alyeska,9,6,6,7,9,6,8,6,8,10,75,12.0,2.0,West Coast,1237,1610,852.0,68.9%,76,0.11,0.52,0.37,3939,"3,200",739,9,yes,moderate,good,intermediate,extreme,Anchorage (45 mins),Ikon Pass,Girdwood,Alaska,USA,,,,,,,,,,,,,,,,,,,,,,,,,,,,
Big Sky,9,8,9,9,8,6,6,5,4,9,73,13.0,2.0,Northern Rockies,5850,5850,5380.0,92.0%,300,0.15,0.25,60.0%,11166,"4,350","6,816",37,yes,moderate,good,beginner,extreme,Bozeman (1.25 hrs),"Ikon, Mountain Collective",Big Sky,Montana,USA,,,,,,,,,,,,,,,,,,,,,,,,,,,,
Revelstoke,9,7,8,8,10,7,6,4,5,9,73,14.0,4.0,Western Canada,3121,3121,3050.0,97.7%,75,0.12,0.43,45.0%,7710,"6,030","1,680",6,limited,moderate,,advanced,extreme,"Kelowna (2.5 hrs), Calgary (4.5 hrs)","Ikon, Mountain Collective",Revelstoke,British Columbia,Canada,,,,,,,,,,,,,,,,,,,,,,,,,,,,
Arapahoe Basin,9,8,6,7,9,4,8,6,8,8,73,15.0,5.0,Colorado,1428,1428,1015.0,71.1%,147,0.07,0.2,73.0%,13050,"2,530","10,520",9,no,moderate,fair,advanced,extreme,Denver (2 hrs),"Ikon, Mountain Collective",Dillon,Colorado,USA,,,,,,,,,,,,,,,,,,,,,,,,,,,,
Breckenridge,8,7,8,9,8,7,5,8,4,9,73,16.0,6.0,Colorado,2908,4321,2554.0,87.8%,187,0.14,0.31,55.0%,12998,"3,398","9,600",34,yes,extensive,fair,intermediate,expert,Denver (2.5 hrs),Epic Pass,Breckenridge,Colorado,USA,,,,,,,,,,,,,,,,,,,,,,,,,,,,
Copper,8,8,8,9,8,5,7,6,6,8,73,17.0,7.0,Colorado,2507,3508,2375.0,94.7%,140,0.21,0.25,54.0%,12441,"2,738","9,703",24,yes,moderate,fair,beginner,expert,Denver (2 hrs),Ikon Pass,Copper,Colorado,USA,,,,,,,,,,,,,,,,,,,,,,,,,,,,
Aspen Highlands,9,7,5,7,9,6,7,6,7,9,72,18.0,8.0,Colorado,1040,1230,840.0,80.8%,118,0.0,0.23,77.0%,12392,"4,352","8,040",5,yes,extensive,,intermediate,expert,"Aspen (15 mins), Denver (4 hrs)","Ikon, Mountain Collective",Aspen,Colorado,USA,,,,,,,,,,,,,,,,,,,,,,,,,,,,
Keystone,8,8,8,8,6,6,7,7,6,8,72,19.0,9.0,Colorado,3148,4434,1909.0,60.6%,128,0.12,0.39,49.0%,12408,"3,128","9,280",20,yes,moderate,fair,intermediate,advanced,Denver (2 hrs),Epic Pass,Keystone,Colorado,USA,,,,,,,,,,,,,,,,,,,,,,,,,,,,
Winter Park,8,8,8,8,7,7,5,8,6,7,72,20.0,10.0,Colorado,3081,3983,2682.0,87.0%,166,0.08,0.37,55.0%,12060,"3,060","9,000",23,yes,moderate,fair,beginner,expert,Denver (2 hrs),Ikon Pass,Winter Park,Colorado,USA,,,,,,,,,,,,,,,,,,,,,,,,,,,,
Mammoth,8,7,8,8,9,6,6,7,4,9,72,21.0,1.0,California,3080,3500,2945.0,95.6%,150,0.15,0.5,35.0%,11053,"3,100","7,953",25,yes,extensive,acceptable,intermediate,expert,"Mammoth Lakes (20 mins), San Francisco (5.5 hrs), Los Angeles (5.5 hrs)",Ikon Pass,Mammoth Lakes,California,USA,,,,,,,,,,,,,,,,,,,,,,,,,,,,
Palisades Tahoe,7,5,9,8,10,7,5,6,6,9,72,22.0,1.0,Lake Tahoe,4030,6000,3080.0,76.4%,270,0.06,0.32,62.0%,9050,"2,850","6,200",42,yes,extensive,poor,intermediate,extreme,"Reno (1 hr), San Francisco (3.5 hrs)",Ikon Pass,Olympic Valley,California,USA,,,,,,,,,,,,,,,,,,,,,,,,,,,,
Sun Valley,7,5,7,8,6,7,8,9,7,8,72,23.0,3.0,Northern Rockies,2245,2245,,100.0%,100,0.26,0.39,35.0%,9150,"3,400","5,750",12,no,moderate,,beginner,advanced,"Hailey (30 mins), Boise (3 hrs), Salt Lake City (5 hrs)","Ikon (excl. base pass), Mountain Collective",Ketchum,Idaho,USA,,,,,,,,,,,,,,,,,,,,,,,,,,,,
Grand Targhee,9,9,6,7,7,7,9,3,7,7,71,24.0,4.0,Northern Rockies,1715,3000,1580.0,92.1%,97,0.1,0.7,20.0%,9920,"2,270","7,650",6,yes,limited,good,intermediate,advanced,"Jackson Hole (1.5 hrs), Salt Lake City (4.5 hrs)",Mountain Collective,Alta,Wyoming,USA,,,,,,,,,,,,,,,,,,,,,,,,,,,,
Steamboat,8,8,8,8,8,7,6,7,5,6,71,25.0,11.0,Colorado,3400,3741,3049.0,89.7%,182,0.14,0.42,44.0%,10568,"3,668","6,900",23,yes,extensive,good,beginner,advanced,"Denver (3.5 hrs), Salt Lake City (6.5 hrs)",Ikon Pass,Steamboat Springs,Colorado,USA,,,,,,,,,,,,,,,,,,,,,,,,,,,,
Big White,8,8,8,8,7,6,8,4,6,8,71,26.0,5.0,Western Canada,2650,2765,2630.0,99.2%,119,0.18,0.54,28.0%,7606,"2,656","4,950",16,yes,limited,,beginner,expert,"Kelowna (1 hr), Vancouver (5.5 hrs), Seattle (7 hrs)",Indy Pass,Kelowna,British Columbia,Canada,,,,,,,,,,,,,,,,,,,,,,,,,,,,
Marmot Basin,8,7,5,6,8,6,9,5,8,9,71,27.0,6.0,Western Canada,1142,1720,924.0,80.9%,91,0.3,0.3,0.4,8570,"3,000","5,570",7,no,moderate,good,intermediate,expert,"Edmonton (4.5 hrs), Calgary (5.5 hrs)",Mountain Collective,Jasper,Alberta,Canada,,,,,,,,,,,,,,,,,,,,,,,,,,,,
Kicking Horse,9,8,6,7,10,3,6,4,7,10,70,28.0,7.0,Western Canada,1525,3486,1165.0,76.4%,125,0.2,0.2,60.0%,8218,"4,318","3,900",5,yes,limited,,advanced,extreme,"Calgary (3 hrs), Kelowna (4 hrs)",Epic Pass (full pass only),Golden,British Columbia,Canada,,,,,,,,,,,,,,,,,,,,,,,,,,,,
Whitefish,8,8,7,7,7,6,8,6,6,7,70,29.0,5.0,Northern Rockies,2295,3000,,100.0%,113,0.12,0.38,50.0%,6817,"2,353","4,464",15,yes,extensive,good,intermediate,advanced,"Kalispell (30 mins), Spokane (5 hrs), Calgary (5 hrs)",None (some partner resorts on season pass),Whitefish,Montana,USA,,,,,,,,,,,,,,,,,,,,,,,,,,,,
Deer Valley,8,8,7,7,7,8,7,9,5,4,70,30.0,4.0,Utah,2026,2026,1937.0,95.6%,110,0.24,0.4,36.0%,9570,"3,000","6,570",21,yes,limited,fair,intermediate,advanced,Salt Lake City (50 mins),Ikon Pass (excl. base pass),Park City,Utah,USA,,,,,,,,,,,,,,,,,,,,,,,,,,,,
Crested Butte,8,6,6,7,10,6,7,5,7,8,70,31.0,12.0,Colorado,1547,2250,1247.0,80.6%,121,0.14,0.25,61.0%,12162,"3,062","9,100",15,yes,moderate,,advanced,extreme,"Gunnison (45 mins), Denver (5 hrs)",Epic Pass,Crested Butte,Colorado,USA,,,,,,,,,,,,,,,,,,,,,,,,,,,,
Park City,8,8,10,8,7,6,5,7,3,7,69,32.0,5.0,Utah,7300,7300,6550.0,89.7%,341,0.07,0.49,44.0%,10026,"3,226","6,800",44,yes,extensive,fair,intermediate,expert,Salt Lake City (45 mins),Epic Pass,Park City,Utah,USA,,,,,,,,,,,,,,,,,,,,,,,,,,,,
Panorama,8,6,8,8,7,5,7,5,6,9,69,33.0,8.0,Western Canada,2975,2975,2485.0,83.5%,135,0.15,0.35,50.0%,8038,"4,265","3,773",10,yes,limited,good,intermediate,expert,"Calgary (3.5 hrs), Spokane (5.5 hrs), Kelowna (5.5 hrs)","Ikon, Mountain Collective",Panorama,British Columbia,Canada,,,,,,,,,,,,,,,,,,,,,,,,,,,,
Schweitzer,8,7,7,7,6,7,8,6,7,6,69,34.0,6.0,Northern Rockies,2125,2900,,100.0%,92,0.02,0.45,53.0%,6389,"2,429","3,960",10,yes,moderate,good,intermediate,advanced,"Spokane (1.5 hrs), Seattle (6 hrs)",Ikon Pass,Sandpoint,Idaho,USA,,,,,,,,,,,,,,,,,,,,,,,,,,,,
Mount Bachelor,7,3,9,9,7,9,6,4,6,9,69,35.0,1.0,Oregon,4232,4323,3590.0,84.8%,101,0.15,0.35,50.0%,9065,"3,365","5,700",11,no,extensive,,intermediate,advanced,"Bend (45 mins), Portland (4 hrs)",Ikon Pass,Bend,Oregon,USA,,,,,,,,,,,,,,,,,,,,,,,,,,,,
Heavenly,7,6,8,8,7,6,5,8,4,10,69,36.0,2.0,Lake Tahoe,2710,4800,,100.0%,97,0.09,0.57,34.0%,10040,"3,475","6,565",28,yes,extensive,fair,intermediate,expert,"Reno (1.25 hrs), San Francisco (3.5 hrs)",Epic Pass,South Lake Tahoe,California,USA,,,,,,,,,,,,,,,,,,,,,,,,,,,,
Sun Peaks,8,8,9,7,6,5,8,4,6,7,68,37.0,9.0,Western Canada,4270,4512,4046.0,94.8%,138,0.1,0.58,32.0%,6824,"2,894","3,930",13,yes,limited,good,beginner,advanced,"Kamloops (45 mins), Vancouver (5 hrs), Seattle (6 hrs)","Ikon, Mountain Collective",Sun Peaks,British Columbia,Canada,,,,,,,,,,,,,,,,,,,,,,,,,,,,
Kirkwood,8,6,7,7,10,4,8,4,5,9,68,38.0,3.0,Lake Tahoe,2170,2300,1880.0,86.6%,86,0.12,0.3,58.0%,9800,"2,000","7,800",15,yes,limited,acceptable,advanced,extreme,"Reno (1.75 hrs), San Francisco (3.5 hrs)",Epic Pass,Kirkwood,California,USA,,,,,,,,,,,,,,,,,,,,,,,,,,,,
Aspen Mountain,8,8,5,6,9,7,5,6,7,7,68,39.0,13.0,Colorado,828,1070,,100.0%,76,0.0,0.48,52.0%,11212,"3,267","7,945",8,yes,extensive,,intermediate,extreme,"Aspen (15 mins), Denver (4 hrs)","Ikon, Mountain Collective",Aspen,Colorado,USA,,,,,,,,,,,,,,,,,,,,,,,,,,,,
Powder Mountain,9,7,9,8,6,2,10,3,6,7,67,40.0,6.0,Utah,5200,8484,2900.0,55.8%,154,0.25,0.4,35.0%,9422,"3,346","6,076",9,yes,limited,good,beginner,advanced,Salt Lake City (1.25 hrs),Indy Pass,Eden,Utah,USA,,,,,,,,,,,,,,,,,,,,,,,,,,,,
Solitude,9,8,6,7,9,5,5,4,7,7,67,41.0,7.0,Utah,1200,1260,918.0,76.5%,82,0.1,0.4,50.0%,10488,"2,494","7,994",9,limited,limited,fair,advanced,extreme,Salt Lake City (45 mins),Ikon Pass,Solitude,Utah,USA,,,,,,,,,,,,,,,,,,,,,,,,,,,,
Brighton,9,9,5,7,6,9,5,4,5,8,67,42.0,8.0,Utah,890,1050,856.0,96.2%,66,0.21,0.4,39.0%,10750,"1,995","8,755",6,limited,limited,fair,beginner,advanced,Salt Lake City (50 mins),Ikon Pass,Brighton,Utah,USA,,,,,,,,,,,,,,,,,,,,,,,,,,,,
Wolf Creek,9,9,6,5,7,5,9,4,6,6,66,43.0,14.0,Colorado,1455,1600,1360.0,93.5%,77,0.2,0.35,45.0%,11904,"1,604","10,300",10,no,limited,good,intermediate,expert,"Durango (1.5 hrs), Santa Fe (3 hrs), Colorado Springs (4 hrs)",,Pagosa Springs,Colorado,USA,,,,,,,,,,,,,,,,,,,,,,,,,,,,
Silver Star,8,8,8,7,6,6,7,6,4,6,66,44.0,10.0,Western Canada,3007,3282,2972.0,98.8%,132,0.15,0.4,45.0%,6280,"2,500","3,780",12,yes,limited,good,beginner,advanced,"Kelowna (1 hr), Vancouver (5.5 hrs), Seattle (7 hrs)",None (some partner resorts on season pass),Silver Star Mountain,British Columbia,Canada,,,,,,,,,,,,,,,,,,,,,,,,,,,,
Red Mountain,8,7,8,6,9,2,9,4,6,7,66,45.0,11.0,Western Canada,2700,3850,2460.0,91.1%,119,0.17,0.34,49.0%,6807,"2,919","3,888",8,yes,limited,good,advanced,extreme,"Spokane (3 hrs), Kelowna (3.5 hrs)",Ikon Pass,Rossland,British Columbia,Canada,,,,,,,,,,,,,,,,,,,,,,,,,,,,
Taos,8,4,5,7,9,5,7,5,8,8,66,46.0,39.0,Rockies,1183,1294,1038.0,87.7%,110,0.24,0.25,51.0%,12481,"3,131","9,350",14,yes,limited,,advanced,extreme,"Santa Fe (2 hrs), Albuquerque (3 hrs)","Ikon, Mountain Collective",Taos Ski Valley,New Mexico,USA,,,,,,,,,,,,,,,,,,,,,,,,,,,,
Crystal,7,7,7,8,9,5,4,6,6,7,66,47.0,1.0,Washington,2300,2600,1835.0,79.8%,85,0.11,0.54,35.0%,7012,"3,100","3,912",11,yes,moderate,poor,intermediate,expert,"Seattle (2 hrs), Portland (3.5 hrs)",Ikon Pass,Crystal Mountain,Washington,USA,,,,,,,,,,,,,,,,,,,,,,,,,,,,
Sierra-at-Tahoe,7,6,6,6,7,6,7,7,7,7,66,48.0,4.0,Lake Tahoe,1548,2000,,100.0%,47,0.25,0.5,25.0%,8852,"2,212","6,640",14,no,limited,fair,beginner,expert,"Reno (1.75 hrs), San Francisco (3.25 hrs)","Ikon Pass, Powder Alliance",Twin Bridges,California,USA,,,,,,,,,,,,,,,,,,,,,,,,,,,,
Mount Baker,8,5,4,6,10,3,8,5,7,9,65,49.0,2.0,Washington,650,1000,,100.0%,31,0.24,0.45,31.0%,5000,"1,500","3,500",10,no,limited,fair,advanced,extreme,"Vancouver (2.5 hrs), Seattle (3 hrs)",,Deming,Washington,USA,,,,,,,,,,,,,,,,,,,,,,,,,,,,
Northstar,7,7,8,5,5,9,5,7,8,4,65,50.0,5.0,Lake Tahoe,2810,3170,,100.0%,100,0.13,0.6,27.0%,8610,"2,280","6,330",20,yes,limited,poor,beginner,advanced,"Reno (1 hr), San Francisco (3.5 hrs)",Epic Pass,Truckee,California,USA,,,,,,,,,,,,,,,,,,,,,,,,,,,,
Fernie,9,4,7,7,8,4,8,3,6,8,64,51.0,12.0,Western Canada,2065,2500,2065.0,100.0%,142,0.3,0.4,30.0%,7000,"3,550","3,450",10,yes,extensive,,intermediate,expert,"Calgary (3 hrs), Spokane (4.5 hrs)",Epic Pass (full pass only),Fernie,British Columbia,Canada,,,,,,,,,,,,,,,,,,,,,,,,,,,,
Loveland,8,6,7,7,7,4,7,5,5,8,64,52.0,15.0,Colorado,1800,1800,1500.0,83.3%,94,0.13,0.41,46.0%,13010,"2,210","10,800",10,no,limited,fair,beginner,expert,Denver (1.75 hrs),Powder Alliance,Dillon,Colorado,USA,,,,,,,,,,,,,,,,,,,,,,,,,,,,
Purgatory,8,7,6,6,6,7,8,4,5,7,64,53.0,16.0,Colorado,1600,1635,1590.0,99.4%,105,0.22,0.35,43.0%,10822,"2,029","8,793",12,yes,moderate,good,beginner,advanced,"Durango (1 hr), Albuquerque (4 hrs), Denver (7 hrs)",Power Pass,Durango,Colorado,USA,,,,,,,,,,,,,,,,,,,,,,,,,,,,
Castle Mountain,9,6,7,6,8,2,6,3,7,9,63,54.0,13.0,Western Canada,1800,3592,1195.0,66.4%,95,0.11,0.2,0.69,7529,"2,854","4,675",6,yes,limited,acceptable,advanced,expert,Calgary (2.5 hrs),"Indy Pass, Powder Alliance",Pincher Creek,Alberta,Canada,,,,,,,,,,,,,,,,,,,,,,,,,,,,
Bear Valley,7,4,6,6,8,4,8,5,7,8,63,55.0,7.0,California,1329,1680,760.0,57.2%,122,0.1,0.38,0.52,8495,"1,900","6,595",9,limited,limited,good,intermediate,expert,"Stockton (2 hrs), San Francisco (3.5 hrs)","Cali Pass, Powder Alliance",Bear Valley,California,USA,,,,,,,,,,,,,,,,,,,,,,,,,,,,
Sugar Bowl,7,5,5,6,9,7,7,5,6,6,63,56.0,6.0,Lake Tahoe,1040,1650,1012.0,97.3%,103,0.17,0.45,38.0%,8383,"1,500","6,883",12,yes,limited,acceptable,beginner,extreme,"Reno (1 hr), San Francisco (3.25 hrs)",,Norden,California,USA,,,,,,,,,,,,,,,,,,,,,,,,,,,,
Mount Rose,7,4,5,6,8,8,7,5,8,5,63,57.0,7.0,Lake Tahoe,815,1200,780.0,95.7%,66,0.2,0.3,50.0%,9700,"1,800","7,900",8,no,limited,,intermediate,expert,"Reno (35 mins), San Francisco (4 hrs)",,Reno,Nevada,USA,,,,,,,,,,,,,,,,,,,,,,,,,,,,
Sundance,7,8,4,6,6,4,8,7,5,8,63,58.0,9.0,Utah,500,520,,100.0%,72,0.21,0.32,47.0%,8250,"2,150","6,100",6,yes,limited,,beginner,advanced,Salt Lake City (1 hr),None (some partner resorts on season pass),Sundance,Utah,USA,,,,,,,,,,,,,,,,,,,,,,,,,,,,
Mission Ridge,6,6,5,6,7,5,7,6,7,7,62,59.0,3.0,Washington,1040,2000,903.0,86.8%,70,0.1,0.6,0.3,6820,"2,250","4,570",4,no,limited,acceptable,intermediate,advanced,"Wenatchee (30 mins), Spokane (3 hrs), Seattle (3.5 hrs)","Indy Pass, Powder Alliance",Wenatchee,Washington,USA,,,,,,,,,,,,,,,,,,,,,,,,,,,,
Mount Hood Meadows,7,3,7,7,8,7,4,4,7,7,61,60.0,2.0,Oregon,2150,2571,1867.0,86.8%,85,0.15,0.5,35.0%,9000,"4,477","4,523",11,no,limited,,beginner,expert,"Portland (1.5 hrs), Seattle (4 hrs)",Indy Pass,Mt Hood,Oregon,USA,,,,,,,,,,,,,,,,,,,,,,,,,,,,
White Pass,7,7,5,6,5,6,6,7,5,7,61,61.0,4.0,Washington,1177,1402,1141.0,96.9%,42,0.14,0.55,0.31,6500,"2,000","4,500",5,limited,limited,acceptable,beginner,advanced,"Yakima (1.5 hrs), Seattle (3 hrs), Portland (3 hrs)","Indy Pass, Powder Alliance",Naches,Washington,USA,,,,,,,,,,,,,,,,,,,,,,,,,,,,
Brian Head,7,6,4,6,6,6,7,5,7,7,61,62.0,10.0,Utah,650,760,,100.0%,71,0.3,0.35,35.0%,10920,"1,320","9,600",8,yes,limited,,beginner,advanced,"Las Vegas (3 hrs), Salt Lake City (3.5 hrs)",Power Pass,Brian Head,Utah,USA,,,,,,,,,,,,,,,,,,,,,,,,,,,,
Killington,6,7,6,7,6,8,5,7,4,5,61,63.0,1.0,Vermont,1509,2546,1508.0,99.9%,155,0.17,0.4,43.0%,4241,"3,050","1,191",22,yes,extensive,fair,beginner,expert,"Boston (3 hrs), Montreal (3.5 hrs), New York (5 hrs)",Ikon Pass,Killington,Vermont,USA,,,,,,,,,,,,,,,,,,,,,,,,,,,,
Tremblant,6,6,4,6,6,8,6,7,8,4,61,64.0,2.0,East Coast,755,2168,,100.0%,102,0.22,0.3,48.0%,2871,"2,116",755,14,yes,extensive,,beginner,advanced,"Montreal (1.5 hrs), Toronto (6.5 hrs)",Ikon Pass,Mont-Tremblant,Quebec,Canada,,,,,,,,,,,,,,,,,,,,,,,,,,,,
Stowe,6,6,3,7,8,8,4,6,7,6,61,65.0,2.0,Vermont,485,1327,,100.0%,116,0.16,0.55,29.0%,3625,"2,360","1,265",12,yes,moderate,poor,intermediate,expert,"Montreal (2.5 hrs), Boston (3.5 hrs), New York (6 hrs)",Epic Pass,Stowe,Vermont,USA,,,,,,,,,,,,,,,,,,,,,,,,,,,,
49 Degrees North,8,7,6,6,5,4,8,4,7,5,60,66.0,5.0,Washington,1308,2325,,100.0%,88,0.3,0.4,0.3,5774,"1,871","3,903",7,no,limited,good,intermediate,advanced,"Spokane (1.5 hrs), Seattle (5.5 hrs)",Indy Pass,Chewelah,Washington,USA,,,,,,,,,,,,,,,,,,,,,,,,,,,,
Kimberley,7,8,6,4,5,5,7,4,8,6,60,67.0,14.0,Western Canada,1300,1800,,100.0%,80,0.2,0.42,38.0%,6500,"2,465","4,035",5,yes,limited,good,beginner,advanced,"Spokane (4 hrs), Calgary (4.5 hrs)",Epic Pass (full pass only),Kimberley,British Columbia,Canada,,,,,,,,,,,,,,,,,,,,,,,,,,,,
Snow King,7,6,3,4,6,5,9,6,7,7,60,68.0,7.0,Northern Rockies,330,500,,100.0%,34,0.18,0.38,44.0%,7808,"1,571","6,237",4,yes,extensive,good,advanced,advanced,"Jackson Hole (20 mins), Salt Lake City (5 hrs)","Indy Pass, Powder Alliance",Jackson,Wyoming,USA,,,,,,,,,,,,,,,,,,,,,,,,,,,,
Mount Norquay,8,8,2,3,5,5,9,5,6,8,59,69.0,15.0,Western Canada,190,348,184.0,96.8%,78,0.29,0.21,50.0%,7150,"1,650","5,500",6,no,extensive,,beginner,intermediate,Calgary (1.5 hrs),Ikon Pass,Banff,Alberta,Canada,,,,,,,,,,,,,,,,,,,,,,,,,,,,
Stevens Pass,7,7,5,6,8,5,5,4,6,6,59,70.0,6.0,Washington,1125,1125,1055.0,93.8%,52,0.11,0.54,35.0%,5845,"2,024","3,821",10,no,limited,poor,intermediate,expert,"Seattle (2 hrs), Vancouver (3.5 hrs)",Epic Pass,Skykomish,Washington,USA,,,,,,,,,,,,,,,,,,,,,,,,,,,,
Jay Peak,7,4,3,6,9,4,7,4,8,7,59,71.0,3.0,Vermont,385,940,,100.0%,81,0.2,0.4,40.0%,3968,"2,153","1,815",9,yes,limited,,intermediate,extreme,"Montreal (2 hrs), Boston (4 hrs), New York (6.5 hrs)",Indy Pass,Jay,Vermont,USA,,,,,,,,,,,,,,,,,,,,,,,,,,,,
China Peak,6,5,4,6,6,3,9,7,7,6,59,72.0,9.0,California,665,1400,610.0,91.7%,54,0.11,0.63,0.26,8709,"1,679","7,030",6,limited,limited,good,intermediate,advanced,"Fresno (1.5 hrs), Bakersfield (3 hrs), San Francisco (4.5 hrs)","Cali Pass, Powder Alliance",Lakeshore,California,USA,,,,,,,,,,,,,,,,,,,,,,,,,,,,
Sugarbush,6,5,4,7,8,5,6,5,6,7,59,73.0,4.0,Vermont,581,1657,,100.0%,111,0.19,0.34,47.0%,4083,"2,600","1,483",16,yes,moderate,acceptable,intermediate,expert,"Montreal (3 hrs), Boston (3.5 hrs), New York (5.5 hrs)",Ikon Pass,Warren,Vermont,USA,,,,,,,,,,,,,,,,,,,,,,,,,,,,
Buttermilk,8,8,3,4,3,9,7,6,6,4,58,74.0,17.0,Colorado,470,850,,100.0%,44,0.35,0.39,26.0%,9900,"2,030","7,870",4,yes,extensive,,beginner,intermediate,"Aspen (5 mins), Denver (4 hrs)","Ikon, Mountain Collective",Aspen,Colorado,USA,,,,,,,,,,,,,,,,,,,,,,,,,,,,
Timberline Lodge,7,5,5,6,3,8,5,6,6,7,58,75.0,3.0,Oregon,1135,1685,825.0,72.7%,41,0.25,0.5,25.0%,8540,"4,540","4,000",8,yes,moderate,,beginner,intermediate,"Portland (1.5 hrs), Seattle (4 hrs)",Powder Alliance,Government Camp,Oregon,USA,,,,,,,,,,,,,,,,,,,,,,,,,,,,
Nakiska,7,6,4,4,5,8,5,5,8,6,58,76.0,16.0,Western Canada,663,1021,652.0,98.3%,71,0.13,0.59,0.28,7415,"2,412","5,003",4,no,limited,,intermediate,advanced,Calgary (1 hr),Epic Pass (full pass only),Kananaskis,Alberta,Canada,,,,,,,,,,,,,,,,,,,,,,,,,,,,
Sugarloaf,6,3,6,7,7,5,7,4,7,6,58,77.0,6.0,East Coast,1360,2400,1040.0,76.5%,162,0.23,0.34,43.0%,4237,"2,820","1,417",12,yes,moderate,,beginner,expert,"Montreal (3.5 hrs), Boston (4 hrs)","Ikon, Mountain Collective",Carrabassett Valley,Maine,USA,,,,,,,,,,,,,,,,,,,,,,,,,,,,
Bretton Woods,5,6,3,4,3,8,8,8,7,6,58,78.0,1.0,New Hampshire,464,760,,100.0%,98,0.25,0.29,0.46,3100,"1,500","1,600",10,limited,limited,good,beginner,intermediate,"Boston (2.5 hrs), Montreal (3 hrs)",,Bretton Woods,New Hampshire,USA,,,,,,,,,,,,,,,,,,,,,,,,,,,,
Eldora,7,8,4,4,5,4,7,5,7,6,57,79.0,18.0,Colorado,680,680,,100.0%,61,0.18,0.48,34.0%,10800,"1,440","9,360",9,no,limited,,intermediate,advanced,Denver (1.25 hrs),Ikon Pass,Nederland,Colorado,USA,,,,,,,,,,,,,,,,,,,,,,,,,,,,
Diamond Peak,7,5,3,4,6,4,9,4,7,8,57,80.0,8.0,Lake Tahoe,400,655,392.0,98.0%,30,0.18,0.46,36.0%,8540,"1,840","6,700",6,no,moderate,,intermediate,advanced,"Reno (50 mins), San Francisco (4 hrs)",None (some partner resorts on season pass),Incline Village,Nevada,USA,,,,,,,,,,,,,,,,,,,,,,,,,,,,
Lookout Pass,9,6,4,4,4,3,9,6,7,4,56,81.0,8.0,Northern Rockies,736,1023,,100.0%,60,0.14,0.42,0.44,6150,"1,650","4,500",5,no,limited,good,intermediate,advanced,"Spokane (1.5 hrs), Seattle (6 hrs)",None (some partner resorts on season pass),Mullan,Idaho,USA,,,,,,,,,,,,,,,,,,,,,,,,,,,,
Willamette Pass,7,5,4,6,7,5,8,3,4,7,56,82.0,4.0,Oregon,555,586,,100.0%,29,0.2,0.43,0.37,6683,"1,563","5,120",5,no,limited,,beginner,advanced,Eugene (1.25 hrs),Power Pass,Cascade Summit,Oregon,USA,,,,,,,,,,,,,,,,,,,,,,,,,,,,
Homewood,7,4,3,6,6,3,9,3,5,10,56,83.0,9.0,Lake Tahoe,412,1260,,100.0%,67,0.15,0.4,45.0%,7880,"1,650","6,230",8,limited,limited,poor,intermediate,expert,"Reno (1.25 hrs), San Francisco (4 hrs)",None (some partner resorts on season pass),Homewood,California,USA,,,,,,,,,,,,,,,,,,,,,,,,,,,,
Sunday River,5,7,5,6,5,6,7,5,5,5,56,84.0,8.0,East Coast,884,1750,,100.0%,135,0.3,0.36,34.0%,3140,"2,340",800,15,yes,moderate,,beginner,advanced,"Boston (3.25 hrs), Montreal (3.5 hrs)",Ikon Pass,Newry,Maine,USA,,,,,,,,,,,,,,,,,,,,,,,,,,,,
Stratton,5,6,4,5,5,8,6,6,8,3,56,85.0,5.0,Vermont,670,1417,,100.0%,99,0.4,0.35,25.0%,3875,"2,003","1,872",11,yes,moderate,,beginner,advanced,"Boston (3.5 hrs), New York (4.5 hrs)",Ikon Pass,Stratton Mountain,Vermont,USA,,,,,,,,,,,,,,,,,,,,,,,,,,,,
Whiteface,5,3,3,7,9,5,6,5,7,6,56,86.0,1.0,New York,288,860,253.0,87.8%,90,0.2,0.42,38.0%,4650,"3,430","1,220",12,no,moderate,,intermediate,extreme,"Montreal (2.5 hrs), Boston (5 hrs), New York (5 hrs)",,Wilmington,New York,USA,,,,,,,,,,,,,,,,,,,,,,,,,,,,
Dodge Ridge,6,4,5,5,5,3,8,5,8,6,55,87.0,11.0,California,862,862,,100.0%,71,0.08,0.41,0.51,8145,"1,575","6,570",10,no,limited,good,beginner,advanced,"Stockton (2 hrs), San Jose (3 hrs), San Francisco (3 hrs)","Cali Pass, Powder Alliance",Pinecrest,California,USA,,,,,,,,,,,,,,,,,,,,,,,,,,,,
Saddleback,6,6,2,4,6,5,9,3,6,8,55,88.0,11.0,East Coast,220,640,,100.0%,68,0.34,0.3,36.0%,4120,"2,000","2,120",6,limited,limited,,beginner,advanced,"Montreal (4 hrs), Boston (4 hrs)",Indy Pass,Rangeley,Maine,USA,,,,,,,,,,,,,,,,,,,,,,,,,,,,
Monarch,8,7,4,4,5,2,7,3,8,6,54,89.0,19.0,Colorado,730,800,495.0,67.8%,67,0.23,0.29,48.0%,11952,"1,162","10,790",7,no,moderate,,beginner,advanced,"Gunnison (45 mins), Denver (3.5 hrs)",None (some partner resorts on season pass),Salida,Colorado,USA,,,,,,,,,,,,,,,,,,,,,,,,,,,,
Alpental,7,6,4,5,8,5,3,3,7,6,54,90.0,7.0,Washington,591,800,489.0,82.7%,24,0.04,0.16,80.0%,5610,"2,470","3,140",4,no,limited,acceptable,advanced,expert,Seattle (1 hr),Ikon Pass,Snoqualmie Pass,Washington,USA,,,,,,,,,,,,,,,,,,,,,,,,,,,,
Waterville Valley,5,6,3,3,5,6,7,7,8,4,54,91.0,2.0,New Hampshire,265,470,,100.0%,62,0.14,0.64,0.22,3840,"2,020","1,820",11,no,limited,,intermediate,advanced,"Boston (2 hrs), Montreal (3.5 hrs)",Indy Pass,Waterville Valley,New Hampshire,USA,,,,,,,,,,,,,,,,,,,,,,,,,,,,
Mont Sutton,5,5,2,6,8,3,7,7,6,5,54,92.0,13.0,East Coast,230,564,,100.0%,60,0.25,0.3,0.45,2808,"1,500","1,308",9,yes,limited,good,intermediate,expert,Montreal (1.5 hrs),None (some partner resorts on season pass),Sutton,Quebec,Canada,,,,,,,,,,,,,,,,,,,,,,,,,,,,
Sun Valley - Dollar Mountain,7,4,2,3,2,7,9,6,8,5,53,93.0,9.0,Northern Rockies,189,189,,100.0%,22,0.63,0.31,6.0%,6638,628,"6,010",6,no,moderate,,beginner,beginner,"Hailey (30 mins), Boise (3 hrs), Salt Lake City (5 hrs)","Ikon (excl. base pass), Mountain Collective",Sun Valley,Idaho,USA,,,,,,,,,,,,,,,,,,,,,,,,,,,,
Smugglers' Notch,6,5,3,6,8,2,6,5,6,6,53,94.0,6.0,Vermont,310,1100,,100.0%,78,0.19,0.5,31.0%,3640,"2,610","1,030",8,yes,limited,,intermediate,expert,"Montreal (2.5 hrs), Boston (4 hrs), New York (6.5 hrs)",,Jeffersonville,Vermont,USA,,,,,,,,,,,,,,,,,,,,,,,,,,,,
Pico,6,5,3,4,5,6,8,4,8,4,53,95.0,7.0,Vermont,265,490,,100.0%,58,0.18,0.46,36.0%,3967,"1,967","2,000",7,yes,limited,acceptable,intermediate,advanced,"Boston (3 hrs), Montreal (3.5 hrs), New York (5 hrs)",Ikon Pass,Mendon,Vermont,USA,,,,,,,,,,,,,,,,,,,,,,,,,,,,
Cannon,5,3,3,5,8,4,8,4,6,7,53,96.0,3.0,New Hampshire,285,812,278.0,97.5%,97,0.15,0.52,0.33,4080,"2,180","1,900",10,limited,limited,acceptable,intermediate,expert,"Boston (2 hrs), Montreal (3 hrs)",Indy Pass,Franconia,New Hampshire,USA,,,,,,,,,,,,,,,,,,,,,,,,,,,,
Ski Cooper,8,7,3,3,5,2,8,4,7,5,52,97.0,20.0,Colorado,480,480,,100.0%,64,0.19,0.27,0.54,11700,"1,200","10,500",5,no,limited,acceptable,beginner,advanced,Denver (2.5 hrs),"Powder Alliance, Freedom Pass",Leadville,Colorado,USA,,,,,,,,,,,,,,,,,,,,,,,,,,,,
Mount Shasta Ski Park,6,5,4,5,4,3,8,4,6,7,52,98.0,12.0,California,635,660,,100.0%,38,0.2,0.45,0.35,7536,"2,036","5,500",6,no,limited,good,beginner,intermediate,"Redding (1 hr), Sacramento (4 hrs), Eugene (4.5 hrs)","Indy Pass, Powder Alliance",McCloud,California,USA,,,,,,,,,,,,,,,,,,,,,,,,,,,,
Okemo,5,6,4,5,4,7,5,6,6,4,52,99.0,8.0,Vermont,632,1592,,100.0%,121,0.32,0.36,32.0%,3344,"2,200","1,144",20,yes,limited,fair,beginner,intermediate,"Boston (3 hrs), Montreal (4 hrs), New York (4.5 hrs)",Epic Pass,Ludlow,Vermont,USA,,,,,,,,,,,,,,,,,,,,,,,,,,,,
Mount Snow,5,6,4,4,5,6,5,7,7,3,52,100.0,9.0,Vermont,601,1070,,100.0%,86,0.16,0.66,18.0%,3600,"1,700","1,900",20,yes,moderate,acceptable,beginner,advanced,"Boston (3 hrs), New York (4 hrs)",Epic Pass,West Dover,Vermont,USA,,,,,,,,,,,,,,,,,,,,,,,,,,,,
Mount Ashland,5,5,2,5,7,2,8,4,7,7,52,101.0,5.0,Oregon,240,240,,100.0%,45,0.04,0.42,0.54,7533,"1,150","6,383",5,no,limited,good,advanced,advanced,"Medford (1 hr), Redding (2.5 hrs), Eugene (3.5 hrs)",Freedom Pass,Ashland,Oregon,USA,,,,,,,,,,,,,,,,,,,,,,,,,,,,
Wildcat,5,3,2,4,6,7,6,4,9,6,52,102.0,4.0,New Hampshire,225,505,,100.0%,48,0.2,0.47,0.33,4062,"2,112","1,950",5,no,limited,,intermediate,advanced,"Boston (3 hrs), Montreal (3.5 hrs)",Epic Pass,Gorham,New Hampshire,USA,,,,,,,,,,,,,,,,,,,,,,,,,,,,
Eagle Point,7,6,4,4,6,2,8,3,5,6,51,103.0,11.0,Utah,580,650,550.0,94.8%,40,0.2,0.45,0.35,10600,"1,500","9,100",5,yes,limited,good,intermediate,advanced,"St. George (2 hrs), Salt Lake City (3.5 hrs), Las Vegas (4 hrs)",Indy Pass,Beaver,Utah,USA,,,,,,,,,,,,,,,,,,,,,,,,,,,,
Mount Hood Skibowl,6,5,3,5,7,2,9,4,6,4,51,104.0,6.0,Oregon,490,960,483.0,98.6%,69,0.16,0.1,74.0%,5100,"1,450","3,650",4,no,limited,,beginner,advanced,Portland (1.25 hrs),Powder Alliance,Government Camp,Oregon,USA,,,,,,,,,,,,,,,,,,,,,,,,,,,,
Summit at Snoqualmie,6,6,5,4,6,4,5,6,6,2,50,105.0,8.0,Washington,920,1194,,100.0%,65,0.15,0.4,45.0%,3865,"1,100","2,765",20,yes,limited,acceptable,beginner,intermediate,Seattle (1 hr),Ikon Pass,Snoqualmie Pass,Washington,USA,,,,,,,,,,,,,,,,,,,,,,,,,,,,
Loon,5,7,3,4,4,7,4,6,7,3,50,106.0,5.0,New Hampshire,403,1040,,100.0%,73,0.19,0.53,0.28,3050,"2,190",860,13,yes,moderate,fair,intermediate,intermediate,"Boston (2 hrs), Montreal (3 hrs)",Ikon Pass,Lincoln,New Hampshire,USA,,,,,,,,,,,,,,,,,,,,,,,,,,,,
Mad River Glen,6,2,2,4,9,2,6,4,8,6,49,107.0,10.0,Vermont,115,450,109.0,94.8%,53,0.2,0.35,45.0%,3637,"2,037","1,600",5,no,moderate,,advanced,extreme,"Montreal (3 hrs), Boston (3.5 hrs), New York (5.5 hrs)",,Waitsfield,Vermont,USA,,,,,,,,,,,,,,,,,,,,,,,,,,,,
Gore,5,5,3,5,5,5,7,5,5,4,49,108.0,2.0,New York,453,1795,,100.0%,120,0.11,0.49,40.0%,3600,"2,602",998,14,no,limited,,intermediate,advanced,"Montreal (3 hrs), New York (4 hrs)",,North Creek,New York,USA,,,,,,,,,,,,,,,,,,,,,,,,,,,,
Bromley,5,5,2,3,3,7,8,4,9,3,49,109.0,11.0,Vermont,178,315,,100.0%,47,0.32,0.37,31.0%,3284,"1,334","1,950",9,yes,limited,,beginner,intermediate,"Boston (3.5 hrs), New York (4 hrs)",,Peru,Vermont,USA,,,,,,,,,,,,,,,,,,,,,,,,,,,,
Bolton Valley,6,5,2,4,4,3,9,4,7,3,47,110.0,12.0,Vermont,165,480,,100.0%,71,0.34,0.38,28.0%,3150,"1,704","1,446",6,yes,limited,,beginner,intermediate,"Montreal (2.5 hrs), Boston (3.5 hrs), New York (5.5 hrs)",Indy Pass,Richmond,Vermont,USA,,,,,,,,,,,,,,,,,,,,,,,,,,,,
Mount Sunapee,4,5,2,3,3,7,4,7,8,4,47,111.0,6.0,New Hampshire,233,630,,100.0%,67,0.29,0.47,0.24,2743,"1,510","1,233",8,no,limited,fair,beginner,intermediate,Boston (2 hrs),Epic Pass,Newbury,New Hampshire,USA,,,,,,,,,,,,,,,,,,,,,,,,,,,,
Holiday Valley,5,6,3,3,4,5,6,5,6,3,46,112.0,3.0,New York,290,588,,100.0%,83,0.38,0.28,0.34,2250,750,"1,500",13,yes,moderate,,beginner,advanced,"Buffalo (1 hr), Rochester (2 hrs), Cleveland (3 hrs)",,Ellicottville,New York,USA,,,,,,,,,,,,,,,,,,,,,,,,,,,,
Magic Mountain,5,3,2,4,6,3,8,4,7,4,46,113.0,13.0,Vermont,205,390,,100.0%,39,0.24,0.32,44.0%,2850,"1,500","1,350",3,yes,moderate,good,intermediate,advanced,"Boston (3.5 hrs), New York (4.5 hrs)",Indy Pass,Londonderry,Vermont,USA,,,,,,,,,,,,,,,,,,,,,,,,,,,,
Attitash,4,5,3,4,4,8,6,3,6,3,46,114.0,7.0,New Hampshire,311,750,,100.0%,68,0.29,0.44,0.27,2350,"1,750",600,8,yes,limited,,intermediate,intermediate,"Boston (3 hrs), Montreal (3.5 hrs)",Epic Pass,Bartlett,New Hampshire,USA,,,,,,,,,,,,,,,,,,,,,,,,,,,,
Windham,3,5,3,3,3,9,4,5,8,2,45,115.0,4.0,New York,285,535,,100.0%,54,0.22,0.46,32.0%,3100,"1,600","1,500",11,yes,limited,,beginner,intermediate,New York (2.5 hrs),Ikon Pass,Windham,New York,USA,,,,,,,,,,,,,,,,,,,,,,,,,,,,
Snowshoe,4,4,3,4,5,6,3,6,5,4,44,116.0,30.0,East Coast,257,603,,100.0%,56,0.33,0.27,0.4,4848,"1,500","3,348",14,yes,limited,good,beginner,advanced,"Pittsburgh (4 hrs), Richmond (4 hrs), Washington (4.5 hrs), Columbus (5.5 hrs)",Ikon Pass,Snowshoe,West Virginia,USA,,,,,,,,,,,,,,,,,,,,,,,,,,,,
Hunter,3,4,3,3,4,6,2,5,8,3,41,117.0,5.0,New York,320,660,,100.0%,67,0.25,0.3,45.0%,3200,"1,600","1,600",13,yes,limited,,beginner,intermediate,New York (2.5 hrs),Epic Pass,Hunter,New York,USA,,,,,,,,,,,,,,,,,,,,,,,,,,,,
Belleayre,3,5,2,2,2,7,6,5,6,2,40,118.0,6.0,New York,171,600,,100.0%,61,0.22,0.58,0.2,3429,"1,404","2,025",5,no,limited,,beginner,intermediate,New York (2.5 hrs),,Highmount,New York,USA,,,,,,,,,,,,,,,,,,,,,,,,,,,,
Peek'n Peak,5,6,2,2,2,2,8,5,6,1,39,119.0,7.0,New York,130,174,,100.0%,25,0.12,0.64,0.24,1800,400,"1,400",9,yes,limited,,beginner,beginner,"Buffalo (1.5 hrs), Cleveland (2 hrs), Pittsburgh (2 hrs)",Indy Pass,Clymer,New York,USA,,,,,,,,,,,,,,,,,,,,,,,,,,,,
Plattekill,3,3,2,2,5,2,8,3,8,2,38,120.0,8.0,New York,130,295,,100.0%,40,0.15,0.47,0.38,3300,"1,100","2,200",3,no,limited,,intermediate,advanced,New York (3 hrs),None (some partner resorts on season pass),Roxbury,New York,USA,,,,,,,,,,,,,,,,,,,,,,,,,,,,
Big Snow American Dream,3,10,1,1,1,3,4,3,10,0,36,121.0,35.0,East Coast,4,4,,100.0%,4,0.5,0.25,25.0%,446,160,286,4,no,limited,,beginner,beginner,New York (30 mins),,East Rutherford,New Jersey,USA,,,,,,,,,,,,,,,,,,,,,,,,,,,,
Big Sky (With Tram Add-on),9,8,9,10,9,6,6,5,4,10,76,,,Northern Rockies,5850,5850,5750.0,98.3%,300,0.15,0.25,60.0%,11166,"4,350","6,816",38,yes,moderate,good,beginner,extreme,Bozeman (1.25 hrs),"Ikon, Mountain Collective",Big Sky,Montana,USA,,,,,,,,,,,,,,,,,,,,,,,,,,,,
