name,city,state,country
Steinplatte,Waidring,Tyrol,Austria
Apex Mountain Resort,Penticton,British Columbia,Canada
Portes du Soleil,,,
Togakushi Ski Resort,Nagano,Nagano,Japan
Lutsen Mountains,Lutsen,Minnesota,United States
White Pine Touring Nordic Center,Park City,Utah,United States
Jay Peak Resort,Jay,Vermont,United States
Aomori Spring Ski Resort,Hirosaki,Aomori,Japan
Caledonia Nordic Ski Club,Prince George,British Columbia,Canada
Tussey Mountain,State College,Pennsylvania,United States
Baqueira/Beret,Baqueira,Cataluña,Spain
Antelope Butte,Shell,Wyoming,United States
Minocqua Winter Park,Minocqua,Wisconsin,United States
Saddleback Mountain,Rangeley,Maine,United States
Snowstar,Andalusia,Illinois,United States
Takasu Snow Park,Gujo,Gifu,Japan
White Pass,,Washington,United States
Black Mountain Ski Area,Jackson,New Hampshire,United States
Mount Baldy Ski Area,Thunder Bay,Ontario,Canada
Hudson Bay Mountain,Smithers,British Columbia,Canada
Big Rock Mountain,Mars Hill,Maine,United States
Canmore Ski Village,,Hokkaido,Japan
Hilltop Ski Area,Anchorage,Alaska,United States
Massif du Sud,Saint-Philémon,Quebec,Canada
Snow Ridge,,New York,United States
Glenshee Ski Centre,,Scotland,United Kingdom
White Pine Resort,Pinedale,Wyoming,United States
Mission Ridge,Wenatchee,Washington,United States
Swain Resort,Swain,New York,United States
Fairmont Hot Springs,Fairmont Hot Springs,British Columbia,Canada
Hockley Valley Resort,Mono,Ontario,Canada
Moose Mountain,Fairbanks,Alaska,United States
Meadowlark Ski Resort,Ten Sleep,Wyoming,United States
Peek ‘n Peak,Clymer,New York,United States
Bousquet Mountain,Pittsfield,Massachusetts,United States
Greek Peak Mountain Resort,Cortland,New York,United States
Cape Smokey,Ingonish Beach,Nova Scotia,Canada
Okunakayama Kogen,Morioka,Iwate,Japan
Ragged Mountain,Danbury,New Hampshire,United States
Bear Valley Mountain Resort,Bear Valley,California,United States
Camden Snow Bowl,Camden,Maine,United States
Loch Lomond,Thunder Bay,Ontario,Canada
Montage Mountain,Scranton,Pennsylvania,United States
Hoodoo,Sisters,Oregon,United States
Lost Valley,Auburn,Maine,United States
Echo Mountain,Evergreen,Colorado,United States
Mont Ripley Ski Area,Hancock,Michigan,United States
Ercİyes Ski Resort,,Kayseri,Türkiye
LOGE Glacier,Essex,Montana,United States
Dog Creek Lodge & Nordic Center,Whitefish,Montana,United States
Rikert Nordic Center,Ripton,Vermont,United States
Christie Mountain,Bruce,Wisconsin,United States
Leukerbad Torrent Ski Resort & Gemmi Resort,Leukerbad,Valais,Switzerland
Bear Valley Adventure Company,Bear Valley,California,United States
Sovereign Lake Nordic Club,Vernon,British Columbia,Canada
Titus Mountain,Malone,New York,United States
McIntyre Ski Area,Manchester,New Hampshire,United States
Kamui Ski Links,Asahikawa,Hokkaido,Japan
Snow King Mountain Resort,Jackson,Wyoming,United States
Arctic Valley,Anchorage,Alaska,United States
Red Lodge Mountain,Red Lodge,Montana,United States
Norefjell Ski Resort,Noresund,Buskerud,Norway
Maplelag Resort,Callaway,Minnesota,United States
Pippu Ski Resort,Asahikawa,Hokkaido,Japan
Terry Peak,Lead,South Dakota,United States
Cooper Spur Ski Area,Parkdale,Oregon,United States
Mont Sutton,Sutton,Quebec,Canada
Nelson Nordic Ski Club,Nelson,British Columbia,Canada
Nayoro Piyashiri Ski Resort,Nayoro,Hokkaido,Japan
Pine Mountain,Iron Mountain,Michigan,United States
Loveland Ski Area,Georgetown,Colorado,United States
Beaver Mountain,Garden City,Utah,United States
Bolton Valley Resort,Burlington,Vermont,United States
Kurohime Kogen,Nagano,Nagano,Japan
Cherry Peak,Richmond,Utah,United States
Blacktail Mountain Resort,Lakeside,Montana,United States
SkiWelt,Söll,Tyrol,Austria
Mont Habitant,Saint-Sauveur,Quebec,Canada
Telemark Nordic Center,Kelowna,British Columbia,Canada
Middlebury Snowbowl,Hancock,Vermont,United States
Crosscut Mountain Sports Center,Bozeman,Montana,United States
Palcall Tsumagoi Resort,Tsumagoi,Gunma,Japan
Ski Sawmill,Morris,Pennsylvania,United States
Blue Knob All Season Resort,Claysburg,Pennsylvania,United States
Glencoe Mountain Resort,Glencoe,Scotland,United Kingdom
Andes Tower Hills,Alexandria,Minnesota,United States
Hurricane Ridge,Port Angeles,Washington,United States
High Point XC Ski Center,,New Jersey,United States
Soldier Mountain,Fairfield,Idaho,United States
Ninox Snow Park,Shibata,Niigata,Japan
Granby Ranch,Granby,Colorado,United States
Pass Powderkeg,,Alberta,Canada
Powder Ridge,Kimball,Minnesota,United States
Quarry Road Trails,Waterville,Maine,United States
Spirit Mountain,Duluth,Minnesota,United States
Malá Úpa,Malá Úpa,Hradec Králové Region,Czechia
Ober Mountain,Gatlinburg,Tennessee,United States
Sunlight Mountain Resort,Glenwood Springs,Colorado,United States
Brundage Mountain Resort,McCall,Idaho,United States
Paul Bunyan Ski Hill,Lakewood,Wisconsin,United States
Kimberley Nordic Club,Kimberley,British Columbia,Canada
Woodstock Nordic Center,Woodstock,Vermont,United States
Amihari Onsen Ski Resort,Morioka,Iwate,Japan
Magic Mountain Idaho,Kimberly,Idaho,United States
Montana Snowbowl,Missoula,Montana,United States
Hodaigi Mountain Resort,,Gunma,Japan
Wintergreen,Nellysford,Virginia,United States
Sasquatch Mountain Resort,Agassiz,British Columbia,Canada
Innsbruck Ski & City Network,Innsbruck,Tyrol,Austria
Bottineau Winter Park,Bottineau,North Dakota,United States
Hunt Hollow Ski Club,Naples,New York,United States
Dartmouth Skiway,Lyme,New Hampshire,United States
Loup Loup Ski Bowl,Twisp,Washington,United States
Riksgränsen,Riksgränsen,Norrbotten County,Sweden
Saskadena Six Ski Area,Woodstock,Vermont,United States
Trapp Family Lodge,Stowe,Vermont,United States
Berkshire East Mountain Resort,Charlemont,Massachusetts,United States
Tyrol Basin Ski and Snowboard,Mount Horeb,Wisconsin,United States
Shawnee Mountain Ski Area,East Stroudsburg,Pennsylvania,United States
Centre Vorlage,Wakefield,Quebec,Canada
Caberfae Peaks,Cadillac,Michigan,United States
Schuss Mountain at Shanty Creek,Bellaire,Michigan,United States
Big Moose,,Maine,United States
Howelsen Hill,Steamboat Springs,Colorado,United States
Whaleback Mountain,Enfield,New Hampshire,United States
Marble Mountain,,Newfoundland and Labrador,Canada
Rauriser-Hochalmbahnen,Rauris,Salzburg,Austria
Hardwood Ski and Bike,Barrie,Ontario,Canada
Great Bear Ski Valley,Sioux Falls,South Dakota,United States
Phoenix Mountain,Grand Forks,British Columbia,Canada
Cuchara,Cuchara,Colorado,United States
Eaglecrest,Juneau,Alaska,United States
Shimokura,Hachimantai,Iwate,Japan
Mount Kato,Mankato,Minnesota,United States
Donner Ski Ranch,,,United States
Camp Fortune,Chelsea,Quebec,Canada
Canaan Valley,Davis,West Virginia,United States
Dry Hill Ski Area,Watertown,New York,United States
Ejder3200 Palandoken,Erzurum,Erzurum,Türkiye
Pitztaler Gletscherbahn,Mittelberg,Vorarlberg,Austria
Treetops Resort,Gaylord,Michigan,United States
Cataloochee Ski Area,Maggie Valley,North Carolina,United States
Hochzeiger Bergbahnen Pitztal AG,Jerzens,Tyrol,Austria
Silver Mountain,Kellogg,Idaho,United States
White Grass Ski Touring,Davis,West Virginia,United States
Tazawako,Minamiaizu,Fukushima,Japan
China Peak,Lakeshore,California,United States
Pats Peak,Henniker,New Hampshire,United States
Catamount Mountain Resort,Egremont,Massachusetts,United States
Granite Peak,Wausau,Wisconsin,United States
Burke Mountain,Burke,Vermont,United States
Kaya Palazzo Kartalkaya Ski & Mountain Resort,Gökpınar,Bolu,Türkiye
Snowriver,Wakefield,Michigan,United States
Mont Rigaud,,Quebec,Canada
Pila,Aosta,Aosta Valley,Italy
Powderhorn,,Colorado,United States
King Pine,New Hope,Alabama,United States
Shames Mountain,Terrace,British Columbia,Canada
Tenney Mountain,Plymouth,New Hampshire,United States
Mount Washington Alpine Resort Nordic Centre at Raven Lodge,,British Columbia,Canada
Ski Bluewood,Dayton,Washington,United States
Nickel Plate Cross Country Ski Club,Hedley,British Columbia,Canada
Dynaland,Gujo,Gifu,Japan
Mount Racey Ski Resort,Yubari,Hokkaido,Japan
Hoedown Hill,Windsor,Colorado,United States
49 Degrees North,Chewelah,Washington,United States
Buffalo Ski Club,Colden,New York,United States
Maiko Resort,Minamiuonuma,Niigata,Japan
Jackson XC,Jackson,New Hampshire,United States
Mt. Washington,,British Columbia,Canada
Marquette Mountain,Marquette,Michigan,United States
Washigatake Ski Resort,Gujo,Gifu,Japan
Waterville Valley Resort,Waterville Valley,New Hampshire,United States
West Mountain,,New York,United States
Hirugano Kogen Ski Resort,Gujo,Gifu,Japan
Big White Ski Resort,Kelowna,British Columbia,Canada
Baldy Mountain Resort,Oliver,British Columbia,Canada
Castle Mountain Resort,Pincher Creek,Alberta,Canada
Little Switzerland,Slinger,Wisconsin,United States
Winterplace Ski Resort,Flat Top,West Virginia,United States
Huff Hills Ski Area,Mandan,North Dakota,United States
Methow Trails XC,Winthrop,Washington,United States
Manning Park,Hope,British Columbia,Canada
Geto Kogen,Kitakami,Iwate,Japan
Mt. Hood Meadows,Mount Hood,Oregon,United States
Destination Owls Head,Mansonville,Quebec,Canada
Rangeley Lakes Trail Center,Rangeley,Maine,United States
Mountain High,Wrightwood,California,United States
Smokey Mountain Ski Club,,Newfoundland and Labrador,Canada
Bear Creek,Macungie,Pennsylvania,United States
Sunburst Ski Area,Kewaskum,Wisconsin,United States
WhitePIA Takasu,Gujo,Gifu,Japan
Mt Eyak,Cordova,Alaska,United States
The Krvavec Ski Resort,Cerklje na Gorenjskem,Kranj,Slovenia
Dodge Ridge,Pinecrest,California,United States
Calabogie Peaks Resort,Calabogie,Ontario,Canada
"Levi, Finland",Kittilä,Lapland,Finland
Homestake Lodge,Butte,Montana,United States
Cupid Valley,Joetsu,Niigata,Japan
Mt. Abram,Greenwood,Maine,United States
Maple Ski Ridge,Schenectady,New York,United States
Whitehorse Nordic Centre,Whitehorse,Yukon,Canada
Hyland Hills,Bloomington,Minnesota,United States
Mont Edouard,L'Anse-Saint-Jean,Quebec,Canada
Björkliden,,,Sweden
Cannon Mountain,Franconia,New Hampshire,United States
Little Ski Hill,McCall,Idaho,United States
Turpin Meadow Ranch,Jackson,Wyoming,United States
Chestnut Mountain Resort,Galena,Illinois,United States
Kelly Canyon,Ririe,Idaho,United States
Mt. Holiday,Traverse City,Michigan,United States
Nordic Mountain,Wild Rose,Wisconsin,United States
Mt La Crosse,La Crosse,Wisconsin,United States
Manning Park XC,Hope,British Columbia,Canada
Norway Mountain,Norway,Michigan,United States
Black Mountain of Maine,Rumford,Maine,United States
Nubs Nob,Harbor Springs,Michigan,United States
Ski Big Bear,Lackawaxen,Pennsylvania,United States
Sundown Mountain,Dubuque,Iowa,United States
Mt. Shasta,Mount Shasta,California,United States
Detroit Mountain,Detroit Lakes,Minnesota,United States
Hatley Pointe,Mars Hill,North Carolina,United States
Big Powderhorn,Bessemer,Michigan,United States
Williams Lake Cross Country Ski Club,Williams Lake,British Columbia,Canada
Pomerelle Mountain Resort,Burley,Idaho,United States
Val d'Irène,,Quebec,Canada
Mohawk Mountain,Cornwall,Connecticut,United States
Magic Mountain,Londonderry,Vermont,United States
Skaneateles Ski Club,Syracuse,New York,United States
Ski Vallée Bleue,Val-David,Quebec,Canada
Crystal Ridge,Franklin,Wisconsin,United States
Leavenworth Winter Sports Club,Leavenworth,Washington,United States
Yuzawa Nakazato Snow Resort,Yuzawa,Niigata,Japan
Ani Ski Resort,Akita,Akita,Japan
Muica Snow Resort,Minamiuonuma,Niigata,Japan
Lost Trail Powder Mountain,Darby,Montana,United States
Plain Valley Ski Trails,Leavenworth,Washington,United States
Tangram Ski Circus,Shinano,Nagano,Japan
Crystal Mountain,Thompsonville,Michigan,United States
Garnet Hill XC,North River,New York,United States
Eagle Point,Beaver,Utah,United States
Massanutten Resort,Massanutten,Virginia,United States
Kaunertaler Gletscher,Kaunertal,Tyrol,Austria
Tamarack Mountain Resort,Donnelly,Idaho,United States
Trollhaugen,Dresser,Wisconsin,United States
Bruce Mound Winter Sports Area,Merrillan,Wisconsin,United States
Catamount Outdoor Family Center,Williston,Vermont,United States
Kiroro Snow World,Otaru,Hokkaido,Japan
Bryce Resort,Basye,Virginia,United States
Cazenovia Ski Club,Cazenovia,New York,United States
OBERSTDORF KLEINWALSERTAL BERGBAHNEN,Riezlern,Vorarlberg,Austria
Corralco Mountain Resort,,Araucanía,Chile
Bear Basin Nordic Center,McCall,Idaho,United States
Black Jack Cross Country Ski Club,Rossland,British Columbia,Canada
Enchanted Forest XC,Red River,New Mexico,United States
