,name,location_name,city,state,country,longitude,latitude,vertical,is_nordic,is_alpine_xc,is_xc_only,is_allied,num_trails,num_lifts,is_open_nights,has_terrain_parks,web_page,is_alpine_xc_display,is_open_nights_display,has_terrain_parks_display,is_allied_display
42,49 Degrees North,"Chewelah, WA, USA",Chewelah,Washington,United States,-117.6042013,48.3010898,1851,True,True,False,False,88,7,False,True,https://www.indyskipass.com/our-resorts/49-degrees-north,Yes,No,Yes,No
350,Amihari Onsen Ski Resort,"Morioka City, Iwate Prefecture, Japan",Morioka,Iwate,Japan,140.93623505636,39.821302978855,1969,False,False,False,False,7,4,False,False,https://www.indyskipass.com/our-resorts/amihari-onsen-ski-resort,No,No,No,No
43,Andes Tower Hills,"Alexandria, MN, USA",Alexandria,Minnesota,United States,-95.6330774,45.850975,290,True,True,False,False,16,6,True,True,https://www.indyskipass.com/our-resorts/andes-tower-hills,Yes,Yes,Yes,No
44,Ani Ski Resort,"Akita, Tohoku, Japan",Akita,Akita,Japan,140.4950898,39.9573111,2175,False,False,False,False,5,3,False,False,https://www.indyskipass.com/our-resorts/ani-ski-resort,No,No,No,No
45,Antelope Butte,"Shell, WY, USA",Shell,Wyoming,United States,-107.5171051,44.6124452,1000,False,False,False,False,30,3,False,True,https://www.indyskipass.com/our-resorts/antelope-butte,No,No,Yes,No
46,Aomori Spring Ski Resort,"Hirosaki, Tohoku, Japan",Hirosaki,Aomori,Japan,140.2767197,40.693185,1788,False,False,False,False,14,5,True,True,https://www.indyskipass.com/our-resorts/aomori-spring-ski-resort,No,Yes,Yes,No
47,Apex Mountain Resort,"Penticton, BC, CA",Penticton,British Columbia,Canada,-119.9060377,49.3908831,1979,False,False,False,False,80,4,True,True,https://www.indyskipass.com/our-resorts/apex-mountain-resort,No,Yes,Yes,No
48,Arctic Valley,"Anchorage, AK, USA",Anchorage,Alaska,United States,-149.5350607,61.2465242,1400,False,False,False,False,15,4,False,True,https://www.indyskipass.com/our-resorts/arctic-valley,No,No,Yes,No
49,Baldy Mountain Resort,"Oliver, BC, CA",Oliver,British Columbia,Canada,-119.2411421,49.1530415,1315,False,False,False,False,35,3,True,True,https://www.indyskipass.com/our-resorts/baldy-mountain-resort,No,Yes,Yes,No
365,Baqueira/Beret,"Baqueira, Spain",Baqueira,Cataluña,Spain,0.9064088,42.6952103,3608,False,False,False,False,122,36,False,True,https://www.indyskipass.com/our-resorts/baqueiraberet,No,No,Yes,No
396,Bear Creek,"Macungie, PA",Macungie,Pennsylvania,United States,-75.6496577,40.4813472,510,False,False,False,False,23,6,True,True,https://www.indyskipass.com/our-resorts/bear-creek,No,Yes,Yes,No
272,Bear Valley Adventure Company,"Bear Valley, CA, USA",Bear Valley,California,United States,-120.03797910193,38.462895733807,900,True,False,True,False,38,,False,False,https://www.indyskipass.com/our-resorts/bear-valley-adventure-company,No,No,No,No
371,Bear Valley Mountain Resort,"Bear Valley, CA",Bear Valley,California,United States,-120.0628751,38.4788547,1900,False,False,False,False,75,9,False,True,https://www.indyskipass.com/our-resorts/bear-valley-mountain-resort,No,No,Yes,No
50,Beaver Mountain,"Garden City, UT, USA",Garden City,Utah,United States,-111.5467243,41.968075,1700,False,False,False,False,48,6,True,True,https://www.indyskipass.com/our-resorts/beaver-mountain,No,Yes,Yes,No
51,Berkshire East Mountain Resort,"Charlemont, MA, USA",Charlemont,Massachusetts,United States,-72.8797153,42.6211485,1180,False,False,False,False,45,6,True,True,https://www.indyskipass.com/our-resorts/berkshire-east-mountain-resort,No,Yes,Yes,No
337,Big Moose,"447 Ski Resort Rd, Greenville Junction, ME 04442",Northwest Piscataquis,Maine,United States,-69.701919722368,45.507262858109,600,False,False,False,False,29,2,False,False,https://www.indyskipass.com/our-resorts/big-moose,No,No,No,No
52,Big Powderhorn,"Bessemer, MI, USA",Bessemer,Michigan,United States,-90.0982872,46.5090372,622,False,False,False,False,45,10,False,True,https://www.indyskipass.com/our-resorts/big-powderhorn,No,No,Yes,No
339,Big Red Cats,,,,,,,,False,False,False,False,,,False,False,https://www.indyskipass.com/our-resorts/big-red-cats,No,No,No,No
53,Big Rock Mountain,"Mars Hill, ME, USA",Mars Hill,Maine,United States,-67.8353602,46.5223714,920,False,False,False,False,29,4,True,True,https://www.indyskipass.com/our-resorts/big-rock-mountain,No,Yes,Yes,No
178,Big White Ski Resort,"Kelowna, BC, CA",Kelowna,British Columbia,Canada,-118.9291592,49.7216277,2550,False,False,False,False,119,16,True,True,https://www.indyskipass.com/our-resorts/big-white-ski-resort,No,Yes,Yes,No
273,Black Jack Cross Country Ski Club,"Rossland, BC, CA",Rossland,British Columbia,Canada,-117.72990986843,49.285741872159,1062,True,False,True,False,30,,True,False,https://www.indyskipass.com/our-resorts/black-jack-cross-country-ski-club,No,Yes,No,No
55,Black Mountain of Maine,"Rumford, ME, USA",Rumford,Maine,United States,-70.6159136,44.5769444,1380,True,True,False,False,31,2,False,False,https://www.indyskipass.com/our-resorts/black-mountain-of-maine,Yes,No,No,No
56,Black Mountain Ski Area,"Jackson, NH, USA",Jackson,New Hampshire,United States,-71.168649,44.1666811,1100,False,False,False,False,45,5,False,False,https://www.indyskipass.com/our-resorts/black-mountain-ski-area,No,No,No,No
57,Blacktail Mountain Resort,"Lakeside, MT, USA",Lakeside,Montana,United States,-114.3721471,48.0148365,1440,False,False,False,False,29,4,False,True,https://www.indyskipass.com/our-resorts/blacktail-mountain-resort,No,No,Yes,No
58,Blue Knob All Season Resort,"Claysburg, PA, USA",Claysburg,Pennsylvania,United States,-78.5666261,40.2885997,1068,False,False,False,False,34,6,True,True,https://www.indyskipass.com/our-resorts/blue-knob-all-season-resort,No,Yes,Yes,No
59,Bolton Valley Resort,"Burlington, VT, USA",Burlington,Vermont,United States,-72.8538529,44.4223862,1704,False,False,False,False,71,6,True,True,https://www.indyskipass.com/our-resorts/bolton-valley-resort,No,Yes,Yes,No
60,Bottineau Winter Park,"Bottineau , ND, USA",Bottineau,North Dakota,United States,-100.4775329,48.950695,200,False,False,False,False,9,6,True,True,https://www.indyskipass.com/our-resorts/bottineau-winter-park,No,Yes,Yes,No
372,Bousquet Mountain,"Pittsfield, MA",Pittsfield,Massachusetts,United States,-73.2791733,42.4190908,750,False,False,False,False,55,7,True,True,https://www.indyskipass.com/our-resorts/bousquet-mountain-0,No,Yes,Yes,No
388,Bruce Mound Winter Sports Area,"Merrillan, WI",Merrillan,Wisconsin,United States,-90.7882194,44.4462814,375,False,False,False,False,10,5,True,True,https://www.indyskipass.com/our-resorts/bruce-mound-winter-sports-area,No,Yes,Yes,No
61,Brundage Mountain Resort,"McCall, ID, USA",McCall,Idaho,United States,-116.1569924,45.0054,1921,False,False,False,False,70,6,False,True,https://www.indyskipass.com/our-resorts/brundage-mountain-resort,No,No,Yes,No
62,Bryce Resort,"Basye, VA, USA",Basye,Virginia,United States,-78.7682726,38.8174554,500,False,False,False,False,8,4,True,False,https://www.indyskipass.com/our-resorts/bryce-resort,No,Yes,No,No
63,Buck Hill,"Burnsville, MN, USA",Burnsville,Minnesota,United States,-93.2862539,44.724844,309,False,False,False,False,15,10,True,True,https://www.indyskipass.com/our-resorts/buck-hill,No,Yes,Yes,No
266,Burke Mountain,"East Burke, VT, USA",Burke,Vermont,United States,-71.91029195,44.62870605,2011,False,False,False,True,54,4,False,True,https://www.indyskipass.com/our-resorts/burke-mountain,No,No,Yes,Yes
64,Caberfae Peaks,"Cadillac, MI, USA",Cadillac,Michigan,United States,-85.7231528,44.2447088,485,False,False,False,False,27,5,True,True,https://www.indyskipass.com/our-resorts/caberfae-peaks,No,Yes,Yes,No
65,Calabogie Peaks Resort,"Calabogie, ON, CA",Calabogie,Ontario,Canada,-76.7829706,45.274401,781,False,False,False,False,25,3,False,True,https://www.indyskipass.com/our-resorts/calabogie-peaks-resort,No,No,Yes,No
275,Caledonia Nordic Ski Club,"Prince George, BC, CA",Prince George,British Columbia,Canada,-122.87265744481,53.970752907698,,True,False,True,False,55,,True,False,https://www.indyskipass.com/our-resorts/caledonia-nordic-ski-club,No,Yes,No,No
346,Camden Snow Bowl,"Camden, Maine",Camden,Maine,United States,-69.131466755139,44.217698441191,1070,False,False,False,False,15,3,True,True,https://www.indyskipass.com/our-resorts/camden-snow-bowl,No,Yes,Yes,No
367,Camp Fortune,"Chelsea, Quebec, Canada",Chelsea,Quebec,Canada,-75.8537991,45.5090169,627,False,False,False,False,27,8,True,True,https://www.indyskipass.com/our-resorts/camp-fortune,No,Yes,Yes,No
66,Canaan Valley,"Davis, WV, USA",Davis,West Virginia,United States,-79.460698240724,39.029186666679,850,False,False,False,False,47,6,False,False,https://www.indyskipass.com/our-resorts/canaan-valley,No,No,No,No
67,Cannon Mountain,"Franconia, NH, USA",Franconia,New Hampshire,United States,-71.7044046,44.1773749,2180,False,False,False,False,97,10,False,True,https://www.indyskipass.com/our-resorts/cannon-mountain,No,No,Yes,No
345,Cape Smokey,"Ingonish Beach, Nova Scotia, CA",Ingonish Beach,Nova Scotia,Canada,-60.421888642657,46.627615294095,1000,False,False,False,False,16,2,False,False,https://www.indyskipass.com/our-resorts/cape-smokey,No,No,No,No
341,Cascade Powder Guides,,,,,,,,False,False,False,False,,,False,False,https://www.indyskipass.com/our-resorts/cascade-powder-guides,No,No,No,No
384,Cascade Welcome Center,"Lake Placid, New York",Lake Placid,New York,United States,-73.9263423,44.2412103,,True,False,True,False,12,,True,False,https://www.indyskipass.com/our-resorts/cascade-welcome-center,No,Yes,No,No
265,Castle Mountain Resort,"Pincher Creek, AB, CA",Pincher Creek,Alberta,Canada,-114.4151632,49.3191188,2845,False,False,False,False,95,6,False,True,https://www.indyskipass.com/our-resorts/castle-mountain-resort,No,No,Yes,No
69,Cataloochee Ski Area,"Maggie Valley, NC, USA",Maggie Valley,North Carolina,United States,-83.0949862,35.5592351,740,False,False,False,False,18,5,True,True,https://www.indyskipass.com/our-resorts/cataloochee-ski-area,No,Yes,Yes,No
70,Catamount Mountain Resort,"South Egremont, MA, USA",Egremont,Massachusetts,United States,-73.4795061,42.1690998,1000,False,False,False,False,44,8,True,True,https://www.indyskipass.com/our-resorts/catamount-mountain-resort,No,Yes,Yes,No
276,Catamount Outdoor Family Center,"Williston, VT, USA",Williston,Vermont,United States,-73.048833333583,44.448316445224,250,True,False,True,False,100,,True,False,https://www.indyskipass.com/our-resorts/catamount-outdoor-family-center,No,Yes,No,No
380,Cazenovia Ski Club,"Cazenovia, New York",Cazenovia,New York,United States,-75.8582938,42.97673,500,False,False,False,False,14,2,False,False,https://www.indyskipass.com/our-resorts/cazenovia-ski-club,No,No,No,No
317,Cherry Peak,"Richmond, UT, USA",Richmond,Utah,United States,-112.01267522305,41.636244851822,1265,False,False,False,True,38,4,True,True,https://www.indyskipass.com/our-resorts/cherry-peak,No,Yes,Yes,Yes
71,Chestnut Mountain Resort,"Galena, IL, USA",Galena,Illinois,United States,-90.3963733,42.319017,600,False,False,False,False,19,9,True,True,https://www.indyskipass.com/our-resorts/chestnut-mountain-resort,No,Yes,Yes,No
72,China Peak,"Lakeshore, CA, USA",Lakeshore,California,United States,-119.1599511,37.2364356,1700,False,False,False,False,55,9,False,True,https://www.indyskipass.com/our-resorts/china-peak,No,No,Yes,No
383,Christie Mountain,"Bruce, WI",Bruce,Wisconsin,United States,-91.3833987,45.5090962,350,False,False,False,False,33,5,True,True,https://www.indyskipass.com/our-resorts/christie-mountain,No,Yes,Yes,No
74,Cooper Spur Ski Area,"Parkdale, OR, USA",Parkdale,Oregon,United States,-121.607698,45.4124145,400,False,False,False,False,9,2,True,False,https://www.indyskipass.com/our-resorts/cooper-spur-ski-area,No,Yes,No,No
277,Crosscut Mountain Sports Center,"Bozeman, MT, USA",Bozeman,Montana,United States,-110.80215582992,45.847946445692,600,True,False,True,False,35,,True,False,https://www.indyskipass.com/our-resorts/crosscut-mountain-sports-center,No,Yes,No,No
73,Crystal Mountain,"Thompsonville, MI, USA",Thompsonville,Michigan,United States,-85.99161557,44.52010072,375,False,False,False,False,59,8,True,True,https://www.indyskipass.com/our-resorts/crystal-mountain,No,Yes,Yes,No
156,Crystal Ridge,"Franklin, WI, USA",Franklin,Wisconsin,United States,-88.0172624,42.9208017,230,False,False,False,False,6,5,True,True,https://www.indyskipass.com/our-resorts/crystal-ridge,No,Yes,Yes,No
357,Cupid Valley,"Joetsu, Niigata 942-0534, Japan",Joetsu,Niigata,Japan,138.4817142,37.0552643,1607,False,False,False,False,12,3,False,False,https://www.indyskipass.com/our-resorts/cupid-valley,No,No,No,No
75,Dartmouth Skiway,"Lyme Center, NH, USA",Lyme,New Hampshire,United States,-72.1021183,43.787748,986,False,False,False,False,28,4,False,True,https://www.indyskipass.com/our-resorts/dartmouth-skiway,No,No,Yes,No
76,Detroit Mountain,"Detroit Lakes, MN, USA",Detroit Lakes,Minnesota,United States,-95.785864,46.8130854,210,False,False,False,False,21,6,True,True,https://www.indyskipass.com/our-resorts/detroit-mountain,No,Yes,Yes,No
77,Dodge Ridge,"Pinecrest, CA, USA",Pinecrest,California,United States,-119.9584442,38.1898028,1600,False,False,False,False,67,11,False,True,https://www.indyskipass.com/our-resorts/dodge-ridge,No,No,Yes,No
279,Dog Creek Lodge & Nordic Center,"Whitefish, MT, USA",Whitefish,Montana,United States,-114.60616667171,48.591109845438,440,True,False,True,False,25,,False,False,https://www.indyskipass.com/our-resorts/dog-creek-lodge-nordic-center,No,No,No,No
362,Dynaland,"Gujo, Gifu, Japan",Gujo,Gifu,Japan,136.8679602,35.9902088,1467,False,False,False,False,18,5,True,True,https://www.indyskipass.com/our-resorts/dynaland,No,Yes,Yes,No
264,Eagle Point,"Beaver, UT, USA",Beaver,Utah,United States,-112.3864365,38.3203245,1500,False,False,False,False,40,5,False,True,https://www.indyskipass.com/our-resorts/eagle-point,No,No,Yes,No
79,Eaglecrest,"Juneau, AK, USA",Juneau,Alaska,United States,-134.5153968,58.2745312,1620,False,False,False,False,36,4,True,True,https://www.indyskipass.com/our-resorts/eaglecrest,No,Yes,Yes,No
80,Echo Mountain,"Evergreen, CO, USA",Evergreen,Colorado,United States,-105.5219731,39.6845817,600,False,False,False,False,8,2,True,True,https://www.indyskipass.com/our-resorts/echo-mountain,No,Yes,Yes,No
280,Enchanted Forest XC,"Red River, NM, USA",Red River,New Mexico,United States,-105.3505175,36.7001562,400,True,False,True,False,35,,False,False,https://www.indyskipass.com/our-resorts/enchanted-forest-xc,No,No,No,No
392,Ercİyes Ski Resort,"Hisarcık Erciyes, 38220 Melikgazi/Kayseri, Türkiye",,Kayseri,Türkiye,34.014505,37.8781927,1260,False,False,False,False,31,24,True,False,https://www.indyskipass.com/our-resorts/erciyes-ski-resort,No,Yes,No,No
81,Fairmont Hot Springs,"Fairmont Hot Springs, BC, CA",Fairmont Hot Springs,British Columbia,Canada,-115.8307703,50.3388251,1000,False,False,False,False,14,3,True,True,https://www.indyskipass.com/our-resorts/fairmont-hot-springs,No,Yes,Yes,No
281,Garnet Hill XC,"North River, NY, USA",North River,New York,United States,-74.1073436,43.7124502,760,True,False,True,False,35,,False,False,https://www.indyskipass.com/our-resorts/garnet-hill-xc,No,No,No,No
82,Geto Kogen,"Kita Kami, Tohoku, Japan",Kitakami,Iwate,Japan,140.9036806,39.2366246,1410,False,False,False,False,14,5,True,True,https://www.indyskipass.com/our-resorts/geto-kogen,No,Yes,Yes,No
391,Glencoe Mountain Resort,"Glencoe, Scotland",Glencoe,Scotland,United Kingdom,-4.8278692,56.6324409,2388,False,False,False,False,20,8,False,False,https://www.indyskipass.com/our-resorts/glencoe-mountain-resort,No,No,No,No
83,Granby Ranch,"Granby, CO, USA",Granby,Colorado,United States,-105.9089128,40.0446489,1000,False,False,False,False,43,6,True,True,https://www.indyskipass.com/our-resorts/granby-ranch,No,Yes,Yes,No
84,Granite Peak,"Wausau, WI, USA",Wausau,Wisconsin,United States,-89.6958047,44.9253444,700,False,False,False,False,68,7,True,True,https://www.indyskipass.com/our-resorts/granite-peak,No,Yes,Yes,No
85,Great Bear Ski Valley,"Sioux Falls, SD, USA",Sioux Falls,South Dakota,United States,-96.66392463,43.57814995,182,False,False,False,False,14,3,True,True,https://www.indyskipass.com/our-resorts/great-bear-ski-valley,No,Yes,Yes,No
86,Greek Peak Mountain Resort,"Cortland, NY, USA",Cortland,New York,United States,-76.1474284,42.5085935,952,False,False,False,False,55,8,True,True,https://www.indyskipass.com/our-resorts/greek-peak-mountain-resort,No,Yes,Yes,No
282,Hardwood Ski and Bike,"Barrie, ON, CA",Barrie,Ontario,Canada,-79.594334,44.5176652,,True,False,True,False,6,,True,False,https://www.indyskipass.com/our-resorts/hardwood-ski-and-bike,No,Yes,No,No
349,Hatley Pointe,"Mars Hill, NC",Mars Hill,North Carolina,United States,-82.508867754907,35.954295621864,700,False,False,False,False,17,4,True,True,https://www.indyskipass.com/our-resorts/hatley-pointe,No,Yes,Yes,No
319,Hickory Ski Center,"Warrensburg, NY",Warrensburg,New York,United States,-73.816881816156,43.476208724561,1200,False,False,False,False,18,4,True,False,https://www.indyskipass.com/our-resorts/hickory-ski-center,No,Yes,No,No
283,High Point XC Ski Center,"Millford, NJ, USA",Milford,New Jersey,United States,-74.6733403,41.30625,400,True,False,True,False,6,,True,False,https://www.indyskipass.com/our-resorts/high-point-xc-ski-center,No,Yes,No,No
356,Hirugano Kogen Ski Resort,"Gujo, Gifu, Japan",Gujo,Gifu,Japan,136.9036975,36.0055471,492,False,False,False,False,8,3,False,False,https://www.indyskipass.com/our-resorts/hirugano-kogen-ski-resort,No,No,No,No
368,Hoedown Hill,"Windsor, Colorado",Windsor,Colorado,United States,-104.9338958,40.4520656,200,False,False,False,False,6,4,True,True,https://www.indyskipass.com/our-resorts/hoedown-hill,No,Yes,Yes,No
284,Homestake Lodge,"Butte, MT, USA",Butte,Montana,United States,-112.3834782,45.9052331,,True,False,True,False,21,,True,False,https://www.indyskipass.com/our-resorts/homestake-lodge,No,Yes,No,No
87,Hoodoo,"Sisters, OR, USA",Sisters,Oregon,United States,-121.8739961,44.4086439,1035,False,False,False,False,36,6,True,True,https://www.indyskipass.com/our-resorts/hoodoo,No,Yes,Yes,No
88,Howelsen Hill,"Steamboat Springs, CO, USA",Steamboat Springs,Colorado,United States,-106.8405524,40.4833683,440,True,True,False,False,19,4,True,True,https://www.indyskipass.com/our-resorts/howelsen-hill,Yes,Yes,Yes,No
323,Hudson Bay Mountain,"Smithers, BC, Canada",Smithers,British Columbia,Canada,-127.26899513045,54.765806606618,1750,False,False,False,False,44,3,False,False,https://www.indyskipass.com/our-resorts/hudson-bay-mountain,No,No,No,No
89,Huff Hills Ski Area,"Mandan, ND, USA",Mandan,North Dakota,United States,-100.7257943,46.627425,400,False,False,False,False,16,4,True,True,https://www.indyskipass.com/our-resorts/huff-hills-ski-area,No,Yes,Yes,No
373,Hunt Hollow Ski Club,"Naples, NY",Naples,New York,United States,-77.4806785,42.645996,875,False,False,False,False,21,4,True,True,https://www.indyskipass.com/our-resorts/hunt-hollow-ski-club,No,Yes,Yes,No
90,Hurricane Ridge,"Port Angeles, WA, USA",Port Angeles,Washington,United States,-123.4977155,47.9699846,700,False,False,False,False,12,3,False,True,https://www.indyskipass.com/our-resorts/hurricane-ridge,No,No,Yes,No
381,Innsbruck Ski & City Network,"Innsbruck, Austria",Innsbruck,Tyrol,Austria,11.1618082,47.1953877,5282,False,False,False,False,,111,False,True,https://www.indyskipass.com/our-resorts/innsbruck-ski-city-network,No,No,Yes,No
286,Jackson XC,"Jackson, NH, USA",Jackson,New Hampshire,United States,-71.1875049,44.1455635,1000,True,False,True,False,60,,False,False,https://www.indyskipass.com/our-resorts/jackson-xc,No,No,No,No
91,Jay Peak Resort,"Jay, VT, USA",Jay,Vermont,United States,-72.5073526,44.9379013,2153,False,False,False,False,81,9,False,True,https://www.indyskipass.com/our-resorts/jay-peak-resort,No,No,Yes,No
92,Kamui Ski Links,"Asahikawa, Tohoku, Japan",Asahikawa,Hokkaido,Japan,142.1845217,43.704967,1968,False,False,False,False,25,6,False,False,https://www.indyskipass.com/our-resorts/kamui-ski-links,No,No,No,No
93,Kelly Canyon,"Ririe, ID, USA",Ririe,Idaho,United States,-111.6324654,43.6460169,1200,False,False,False,False,27,5,True,True,https://www.indyskipass.com/our-resorts/kelly-canyon,No,Yes,Yes,No
287,Kimberley Nordic Club,"Kimberley, BC, CA",Kimberley,British Columbia,Canada,-116.0095172,49.6822765,,True,False,True,False,35,,True,False,https://www.indyskipass.com/our-resorts/kimberley-nordic-club,No,Yes,No,No
314,King Pine,"Madison, NH, USA",Madison,New Hampshire,United States,-71.088944717979,43.868280175903,350,False,False,False,True,23,6,True,True,https://www.indyskipass.com/our-resorts/king-pine,No,Yes,Yes,Yes
94,Kiroro Snow World,"Otaru, Hokkaido, Japan",Otaru,Hokkaido,Japan,140.9833059,43.0663934,2165,False,False,False,False,23,10,True,False,https://www.indyskipass.com/our-resorts/kiroro-snow-world,No,Yes,No,No
288,Leavenworth Winter Sports Club,"Leavenworth, WA, USA",Leavenworth,Washington,United States,-120.6712683,47.6141122,235,True,False,True,False,6,,True,False,https://www.indyskipass.com/our-resorts/leavenworth-winter-sports-club,No,Yes,No,No
95,Little Switzerland,"Slinger, WI, USA",Slinger,Wisconsin,United States,-88.2815214,43.3379806,200,False,False,False,False,16,8,True,True,https://www.indyskipass.com/our-resorts/little-switzerland,No,Yes,Yes,No
96,Loch Lomond,"Thunder Bay, ON, CA",Thunder Bay,Ontario,Canada,-89.3508156,48.2939871,751,False,False,False,False,18,3,True,True,https://www.indyskipass.com/our-resorts/loch-lomond,No,Yes,Yes,No
97,Lost Trail Powder Mountain,"Darby , MT, USA",Darby,Montana,United States,-113.9546482,45.6922649,1200,False,False,False,False,68,8,False,True,https://www.indyskipass.com/our-resorts/lost-trail-powder-mountain,No,No,Yes,No
369,Lost Valley,"Auburn, ME",Auburn,Maine,United States,-70.2855319,44.1360699,233,False,False,False,False,22,3,True,True,https://www.indyskipass.com/our-resorts/lost-valley,No,Yes,Yes,No
98,Loup Loup Ski Bowl,"Twisp, WA, USA",Twisp,Washington,United States,-119.9135503,48.3943616,1240,True,True,False,False,14,3,False,True,https://www.indyskipass.com/our-resorts/loup-loup-ski-bowl,Yes,No,Yes,No
377,Loveland Ski Area,"Georgetown, CO",Georgetown,Colorado,United States,-105.9005334,39.6800625,2210,False,False,False,False,94,12,False,True,https://www.indyskipass.com/our-resorts/loveland-ski-area,No,No,Yes,No
99,Lutsen Mountains,"Lutsen, MN, USA",Lutsen,Minnesota,United States,-90.716136,47.663713,825,False,False,False,False,95,7,False,True,https://www.indyskipass.com/our-resorts/lutsen-mountains,No,No,Yes,No
100,Madarao Ski Resort,"Myoko Kogen, Nagano",Myoko,Niigata,Japan,138.2880255,36.8524572,1443,False,False,False,False,32,10,False,True,https://www.indyskipass.com/our-resorts/madarao-ski-resort,No,No,Yes,No
101,Magic Mountain,"Londonderry , VT, USA",Londonderry,Vermont,United States,-72.77132459,43.20191601,1500,False,False,False,False,50,5,False,True,https://www.indyskipass.com/our-resorts/magic-mountain,No,No,Yes,No
353,Maiko Resort,"Maiko, Minamiuonuma, Niigata, Japan",Minamiuonuma,Niigata,Japan,138.82445635587,36.982265957181,2166,False,False,False,False,26,10,True,True,https://www.indyskipass.com/our-resorts/maiko-resort,No,Yes,Yes,No
387,Malá Úpa,"Malá Úpa, Czechia",Malá Úpa,Hradec Králové Region,Czechia,15.5505559,50.7201426,853,False,False,False,False,8,9,False,True,https://www.indyskipass.com/our-resorts/mala-upa,No,No,Yes,No
102,Manning Park,"Hope, BC, CA",Hope,British Columbia,Canada,-120.9521503,49.0701941,1417,True,True,False,False,35,4,False,True,https://www.indyskipass.com/our-resorts/manning-park,Yes,No,Yes,No
289,Manning Park XC,"Hope, BC, CA",Hope,British Columbia,Canada,-120.7897713,49.063089,1417,True,False,True,False,35,,False,False,https://www.indyskipass.com/our-resorts/manning-park-xc,No,No,No,No
103,Maple Ski Ridge,"Schenectady, NY, USA",Schenectady,New York,United States,-74.0371723,42.8170709,270,False,False,False,False,8,4,True,False,https://www.indyskipass.com/our-resorts/maple-ski-ridge,No,Yes,No,No
290,Maplelag Resort,"Callaway, MN, USA",Callaway,Minnesota,United States,-95.7793197,47.009156,110,True,False,True,False,17,,False,False,https://www.indyskipass.com/our-resorts/maplelag-resort,No,No,No,No
104,Marquette Mountain,"Marquette, MI, USA",Marquette,Michigan,United States,-87.42339,46.5082074,540,False,False,False,False,29,4,True,True,https://www.indyskipass.com/our-resorts/marquette-mountain,No,Yes,Yes,No
105,Massanutten Resort,"Massanutten, VA, USA",Massanutten,Virginia,United States,-78.7572956,38.4035359,1100,False,False,False,False,23,7,True,True,https://www.indyskipass.com/our-resorts/massanutten-resort,No,Yes,Yes,No
382,Massif du Sud,"Saint-Philémon, Quebec",Saint-Philémon,Quebec,Canada,-70.5247494,46.621511,1686,False,False,False,False,37,2,False,True,https://www.indyskipass.com/our-resorts/massif-du-sud,No,No,Yes,No
267,McIntyre Ski Area,"Manchester, NH, USA",Manchester,New Hampshire,United States,-71.44381919,43.00755388,200,False,False,False,True,11,5,True,True,https://www.indyskipass.com/our-resorts/mcintyre-ski-area,No,Yes,Yes,Yes
106,Meadowlark Ski Resort,"Ten Sleep, WY, USA",Ten Sleep,Wyoming,United States,-107.2238357,44.1636263,735,False,False,False,False,14,2,False,False,https://www.indyskipass.com/our-resorts/meadowlark-ski-resort,No,No,No,No
292,Methow Trails XC,"Winthrop, WA, USA",Winthrop,Washington,United States,-120.1825961,48.4681634,2250,True,False,True,False,64,,False,False,https://www.indyskipass.com/our-resorts/methow-trails-xc,No,No,No,No
348,Middlebury Snowbowl,"Hancock, VT",Hancock,Vermont,United States,-72.957726677625,43.939029933484,1020,False,False,False,False,17,4,True,False,https://www.indyskipass.com/our-resorts/middlebury-snowbowl,No,Yes,No,No
293,Minocqua Winter Park,"Minocqua, WI, USA",Minocqua,Wisconsin,United States,-89.8977884,45.830018,,True,False,True,False,30,,False,False,https://www.indyskipass.com/our-resorts/minocqua-winter-park,No,No,No,No
107,Mission Ridge,"Wenatchee, WA, USA",Wenatchee,Washington,United States,-120.4024513,47.2924657,2250,False,False,False,False,54,7,True,True,https://www.indyskipass.com/our-resorts/mission-ridge,No,Yes,Yes,No
108,Mohawk Mountain,"Cornwall, CT, USA",Cornwall,Connecticut,United States,-73.3176389,41.838231,650,False,False,False,False,26,8,True,False,https://www.indyskipass.com/our-resorts/mohawk-mountain,No,Yes,No,No
374,Mont Rigaud,"Riquad QC, Canada",Rigaud,Quebec,Canada,-74.4091987,45.4680559,394,False,False,False,False,15,4,True,True,https://www.indyskipass.com/our-resorts/mont-rigaud,No,Yes,Yes,No
268,Mont Ripley Ski Area,"Hancock , MI, USA",Hancock,Michigan,United States,-88.56009945,47.12809236,440,False,False,False,True,24,4,True,True,https://www.indyskipass.com/our-resorts/mont-ripley-ski-area,No,Yes,Yes,Yes
109,Montage Mountain,"Scranton PA, PA, USA",Scranton,Pennsylvania,United States,-75.6654972,41.3512429,1000,False,False,False,False,27,7,True,True,https://www.indyskipass.com/our-resorts/montage-mountain,No,Yes,Yes,No
110,Montana Snowbowl,"Missoula, MT, USA",Missoula,Montana,United States,-114.0021483,47.014436,2600,False,False,False,False,68,6,False,False,https://www.indyskipass.com/our-resorts/montana-snowbowl,No,No,No,No
322,Moose Mountain,"Fairbanks, AK",Fairbanks,Alaska,United States,-147.99068199473,64.941226825412,1300,False,False,False,False,42,1,False,False,https://www.indyskipass.com/our-resorts/moose-mountain,No,No,No,No
111,Mount Baldy Ski Area,"Thunder Bay, ON, CA",Thunder Bay,Ontario,Canada,-89.1308235,48.5258002,476,False,False,False,False,12,3,True,True,https://www.indyskipass.com/our-resorts/mount-baldy-ski-area,No,Yes,Yes,No
113,Mount Kato,"Mankato, MN, USA",Mankato,Minnesota,United States,-94.0359465,44.1331301,240,False,False,False,False,19,10,True,True,https://www.indyskipass.com/our-resorts/mount-kato,No,Yes,Yes,No
114,Mountain High,"Wrightwood, CA, USA",Wrightwood,California,United States,-117.6941045,34.3769418,1600,False,False,False,False,50,14,True,True,https://www.indyskipass.com/our-resorts/mountain-high,No,Yes,Yes,No
338,Mt Eyak,,,,,,,,False,False,False,False,,,False,False,https://www.indyskipass.com/our-resorts/mt-eyak,No,No,No,No
347,Mt. Abram,"Greenwood, Maine",Greenwood,Maine,United States,-70.706811255825,44.379734955115,1050,False,False,False,False,43,4,False,False,https://www.indyskipass.com/our-resorts/mt-abram,No,No,No,No
379,Mt. Holiday,"Traverse City, MI",Traverse City,Michigan,United States,-85.5135188,44.7423148,200,False,False,False,False,12,4,True,True,https://www.indyskipass.com/our-resorts/mt-holiday,No,Yes,Yes,No
181,Mt. Hood Meadows,"Mt. Hood, OR, USA",Mount Hood,Oregon,United States,-121.6677651,45.3317552,1939,True,True,False,False,142,12,True,True,https://www.indyskipass.com/our-resorts/mt-hood-meadows,Yes,Yes,Yes,No
169,Mt. Racey Ski Resort,"Yubari, Hokkaido",Yubari,Hokkaido,Japan,141.9688449,43.0503785,1326,False,False,False,False,18,4,False,True,https://www.indyskipass.com/our-resorts/mt-racey-ski-resort,No,No,Yes,No
116,Mt. Shasta,"Mount Shasta, CA, USA",Mount Shasta,California,United States,-122.2060823,41.321106,2036,True,True,False,False,38,6,True,True,https://www.indyskipass.com/our-resorts/mt-shasta,Yes,Yes,Yes,No
332,Mt. Washington,,,,,-125.26140942545,49.804509751028,1657,False,False,False,False,81,11,False,True,https://www.indyskipass.com/our-resorts/mt-washington,No,No,Yes,No
360,Muica Snow Resort,"Minamiuonuma, Niigata, Japan",Minamiuonuma,Niigata,Japan,138.8433196,37.0719009,1312,False,False,False,False,12,4,False,True,https://www.indyskipass.com/our-resorts/muica-snow-resort,No,No,Yes,No
354,Nayoro Piyashiri Ski Resort,"Nisshin, Nayoro City, Hokkaido, Japan",Nayoro,Hokkaido,Japan,142.51389060792,44.404547241474,1578,False,False,False,False,12,3,True,False,https://www.indyskipass.com/our-resorts/nayoro-piyashiri-ski-resort,No,Yes,No,No
295,Nelson Nordic Ski Club,"Nelson, BC, CA",Nelson,British Columbia,Canada,-117.2137275,49.409235,,True,False,True,False,15,,True,False,https://www.indyskipass.com/our-resorts/nelson-nordic-ski-club,No,Yes,No,No
311,Nickel Plate Cross Country Ski Club,"Hedley, BC, CA",Hedley,British Columbia,Canada,-119.9567878,49.383699,495,True,False,True,False,28,,False,False,https://www.indyskipass.com/our-resorts/nickel-plate-cross-country-ski-club,No,No,No,No
358,Ninox Snow Park,"Niigata, Shibata, Kamisanko, 大平国有林無番地",Shibata,Niigata,Japan,139.4653277,37.9268164,709,False,False,False,False,2,2,True,True,https://www.indyskipass.com/our-resorts/ninox-snow-park,No,Yes,Yes,No
117,Nordic Mountain,"Wild Rose, WI, USA",Wild Rose,Wisconsin,United States,-89.1838618,44.1214576,265,False,False,False,False,16,5,True,True,https://www.indyskipass.com/our-resorts/nordic-mountain,No,Yes,Yes,No
386,Norway Mountain,"Norway, MI",Norway,Michigan,United States,-87.8724272,45.7894874,500,False,False,False,False,17,6,False,True,https://www.indyskipass.com/our-resorts/norway-mountain,No,No,Yes,No
118,Nubs Nob,"Harbor Springs, MI, USA",Harbor Springs,Michigan,United States,-84.9069303,45.471166,425,False,False,False,False,53,10,True,True,https://www.indyskipass.com/our-resorts/nubs-nob-0,No,Yes,Yes,No
119,Ober Mountain,"Gatlinburg, TN, USA",Gatlinburg,Tennessee,United States,-83.5608417,35.7031411,660,False,False,False,False,10,3,True,True,https://www.indyskipass.com/our-resorts/ober-mountain,No,Yes,Yes,No
120,Okunakayama Kogen,"Morioka, Tohoku, Japan",Morioka,Iwate,Japan,141.1715197,40.0874,1273,False,False,False,False,11,5,True,True,https://www.indyskipass.com/our-resorts/okunakayama-kogen,No,Yes,Yes,No
352,Palcall Tsumagoi Resort,"Gunma, Agatsuma District, Tsumagoi, Japan",Tsumagoi,Gunma,Japan,138.46402342241,36.55600188804,2395,False,False,False,False,22,5,False,True,https://www.indyskipass.com/our-resorts/palcall-tsumagoi-resort,No,No,Yes,No
121,Pass Powderkeg,"Crowsnest Pass, AB, CA",,Alberta,Canada,-114.4492817,49.60297943,985,False,False,False,False,27,3,True,True,https://www.indyskipass.com/our-resorts/pass-powderkeg,No,Yes,Yes,No
122,Pats Peak,"Henniker, NH, USA",Henniker,New Hampshire,United States,-71.8002399,43.1639733,770,False,False,False,False,28,11,True,True,https://www.indyskipass.com/our-resorts/pats-peak,No,Yes,Yes,No
325,Paul Bunyan Ski Hill,"Lakewood, WI",Lakewood,Wisconsin,United States,-88.524082142113,45.325719991721,,False,False,False,True,10,6,False,False,https://www.indyskipass.com/our-resorts/paul-bunyan-ski-hill,No,No,No,Yes
123,Peek ‘n Peak,"Clymer, NY, USA",Clymer,New York,United States,-79.7381204,42.0623302,400,False,False,False,False,27,9,True,True,https://www.indyskipass.com/our-resorts/peek-n-peak,No,Yes,Yes,No
124,Phoenix Mountain,"Grand Forks, BC, CA",Grand Forks,British Columbia,Canada,-118.5866193,49.103709,705,False,False,False,False,22,2,True,True,https://www.indyskipass.com/our-resorts/phoenix-mountain,No,Yes,Yes,No
125,Pine Mountain,"Iron Mountain, MI, USA",Iron Mountain,Michigan,United States,-88.0913177,45.8391227,364,False,False,False,False,35,4,True,True,https://www.indyskipass.com/our-resorts/pine-mountain,No,Yes,Yes,No
126,Pippu Ski Resort,"Asahikawa, Hokkaido, Japan",Asahikawa,Hokkaido,Japan,142.4972506,43.9331104,1053,False,False,False,False,9,3,True,True,https://www.indyskipass.com/our-resorts/pippu-ski-resort,No,Yes,Yes,No
127,Pomerelle Mountain Resort,"Burley, ID, USA",Burley,Idaho,United States,-113.6103326,42.3179871,998,False,False,False,False,22,3,True,True,https://www.indyskipass.com/our-resorts/pomerelle-mountain-resort,No,Yes,Yes,No
129,Powder Ridge,"Kimball, MN, USA",Kimball,Minnesota,United States,-94.3075934,45.3438676,300,False,False,False,False,13,6,True,True,https://www.indyskipass.com/our-resorts/powder-ridge,No,Yes,Yes,No
333,Powderhorn,"Mesa, CO",,Colorado,United States,-108.15083984603,39.070007153611,1697,False,False,False,False,40,5,False,True,https://www.indyskipass.com/our-resorts/powderhorn,No,No,Yes,No
297,Quarry Road Trails,"Waterville, ME, USA",Waterville,Maine,United States,-69.6605718,44.5826282,270,True,False,True,False,22,,True,False,https://www.indyskipass.com/our-resorts/quarry-road-trails,No,Yes,No,No
344,Ragged Mountain,"Danbury, NH",Danbury,New Hampshire,United States,-71.84227591883,43.485425809051,1250,False,False,False,False,57,5,False,True,https://www.indyskipass.com/our-resorts/ragged-mountain,No,No,Yes,No
298,Rangeley Lakes Trail Center,"Rangeley, ME, USA",Rangeley,Maine,United States,-70.5684757,44.9564326,400,True,False,True,False,35,,False,False,https://www.indyskipass.com/our-resorts/rangeley-lakes-trail-center,No,No,No,No
130,Red Lodge,"Billings, MT, USA",Billings,Montana,United States,-109.3352328,45.19147328,2400,False,False,False,False,70,8,False,True,https://www.indyskipass.com/our-resorts/red-lodge,No,No,Yes,No
299,Rikert Nordic Center,"Ripton, VT, USA",Ripton,Vermont,United States,-72.9936673,43.954787,350,True,False,True,False,35,,False,False,https://www.indyskipass.com/our-resorts/rikert-nordic-center,No,No,No,No
131,Saddleback Mountain,"Rangeley, ME, USA",Rangeley,Maine,United States,-70.5296617,44.9462173,2000,False,False,False,False,68,6,False,True,https://www.indyskipass.com/our-resorts/saddleback-mountain,No,No,Yes,No
132,Saskadena Six Ski Area,"Woodstock, VT, USA",Woodstock,Vermont,United States,-72.5458462,43.6650614,650,False,False,False,False,28,3,False,True,https://www.indyskipass.com/our-resorts/saskadena-six-ski-area,No,No,Yes,No
133,Sasquatch Mountain Resort,"Agassiz, BC, CA",Agassiz,British Columbia,Canada,-121.9380493,49.379918,1200,False,False,False,False,36,4,True,True,https://www.indyskipass.com/our-resorts/sasquatch-mountain-resort,No,Yes,Yes,No
134,Schuss Mountain at Shanty Creek,"Bellaire, MI, USA",Bellaire,Michigan,United States,-85.1357063,44.940947,450,False,False,False,False,42,7,True,True,https://www.indyskipass.com/our-resorts/schuss-mountain-at-shanty-creek,No,Yes,Yes,No
135,Shames Mountain,"Terrace, BC, CA",Terrace,British Columbia,Canada,-128.9553952,54.484131,1600,False,False,False,False,30,3,False,True,https://www.indyskipass.com/our-resorts/shames-mountain,No,No,Yes,No
136,Shawnee Mountain Ski Area,"East Stroudsburg , PA, USA",East Stroudsburg,Pennsylvania,United States,-75.08480066,41.03977382,700,False,False,False,False,23,11,True,True,https://www.indyskipass.com/our-resorts/shawnee-mountain-ski-area,No,Yes,Yes,No
188,Shimokura,"Hachimantai, Iwate, Japan",Hachimantai,Iwate,Japan,140.9543099,39.8990404,1804,False,False,False,False,7,3,True,False,https://www.indyskipass.com/our-resorts/shimokura,No,Yes,No,No
138,Silver Mountain,"Kellogg, ID, USA",Kellogg,Idaho,United States,-116.1343218,47.4950187,2200,False,False,False,False,83,7,False,True,https://www.indyskipass.com/our-resorts/silver-mountain,No,No,Yes,No
269,Skaneateles Ski Club,"Syracuse, NY, USA",Syracuse,New York,United States,-76.33377842,42.91535333,330,False,False,False,False,7,3,True,False,https://www.indyskipass.com/our-resorts/skaneateles-ski-club,No,Yes,No,No
139,Ski Big Bear,"Lackawaxen, PA, USA",Lackawaxen,Pennsylvania,United States,-75.0278006,41.5233005,650,False,False,False,False,18,7,True,True,https://www.indyskipass.com/our-resorts/ski-big-bear,No,Yes,Yes,No
140,Ski Bluewood,"Dayton, WA, USA",Dayton,Washington,United States,-117.853694,46.0824682,1120,False,False,False,False,25,4,False,True,https://www.indyskipass.com/our-resorts/ski-bluewood,No,No,Yes,No
141,Ski Sawmill,"Morris, PA, USA",Morris,Pennsylvania,United States,-77.2925621,41.5209883,515,False,False,False,False,13,5,True,True,https://www.indyskipass.com/our-resorts/ski-sawmill,No,Yes,Yes,No
177,SkiWelt,"Kufstein, Austria",Kufstein,Tyrol,Austria,12.2008647,47.4787937,4098,False,False,False,False,279,82,True,True,https://www.indyskipass.com/our-resorts/skiwelt,No,Yes,Yes,No
142,Snow King Mountain Resort,"Jackson, WY, USA",Jackson,Wyoming,United States,-110.7586156,43.4728087,1560,False,False,False,False,46,8,True,True,https://www.indyskipass.com/our-resorts/snow-king-mountain-resort,No,Yes,Yes,No
143,Snow Ridge,"Turin, NY, USA",,New York,United States,-75.4249888,43.6397477,500,False,False,False,False,33,5,True,True,https://www.indyskipass.com/our-resorts/snow-ridge,No,Yes,Yes,No
144,Snowriver,"Wakefield, MI, USA",Wakefield,Michigan,United States,-89.966801281413,46.500921527786,538,False,False,False,False,71,11,False,True,https://www.indyskipass.com/our-resorts/snowriver,No,No,Yes,No
145,Snowstar,"Andalusia, IL, USA",Andalusia,Illinois,United States,-90.7487552,41.425203,262,False,False,False,False,15,6,True,True,https://www.indyskipass.com/our-resorts/snowstar,No,Yes,Yes,No
146,Soldier Mountain,"Fairfield, ID, USA",Fairfield,Idaho,United States,-114.8394912,43.484719,1421,False,False,False,False,35,3,False,True,https://www.indyskipass.com/our-resorts/soldier-mountain,No,No,Yes,No
300,Sovereign Lake Nordic Club,"Vernon, BC, CA",Vernon,British Columbia,Canada,-119.1077133,50.36244,560,True,False,True,False,30,,True,False,https://www.indyskipass.com/our-resorts/sovereign-lake-nordic-club,No,Yes,No,No
147,Spirit Mountain,"Duluth, MN, USA",Duluth,Minnesota,United States,-92.2167365,46.7182684,700,False,False,False,False,22,7,True,True,https://www.indyskipass.com/our-resorts/spirit-mountain,No,Yes,Yes,No
148,Sundown Mountain,"Dubuque, IA, USA",Dubuque,Iowa,United States,-90.8217712,42.5152436,475,False,False,False,False,21,6,True,True,https://www.indyskipass.com/our-resorts/sundown-mountain,No,Yes,Yes,No
149,Sunlight Mountain Resort,"Glenwood Springs, CO, USA",Glenwood Springs,Colorado,United States,-107.341345,39.3997821,2010,False,False,False,False,72,3,False,True,https://www.indyskipass.com/our-resorts/sunlight-mountain-resort,No,No,Yes,No
150,Sunrise Park,"Greer, AZ, USA",Greer,Arizona,United States,-109.5668086,33.9737271,1800,False,False,False,False,65,6,True,True,https://www.indyskipass.com/our-resorts/sunrise-park,No,Yes,Yes,No
151,Swain Resort,"Swain, NY, USA",Swain,New York,United States,-77.8577131,42.4765984,650,False,False,False,False,35,5,True,True,https://www.indyskipass.com/our-resorts/swain-resort,No,Yes,Yes,No
184,Swiss Valley,"Jones, MI, USA",Jones,Michigan,United States,-85.8299194,41.9546966,225,False,False,False,False,11,7,True,True,https://www.indyskipass.com/our-resorts/swiss-valley,No,Yes,Yes,No
361,Takasu Snow Park,"Gujo, Gifu, Japan",Gujo,Gifu,Japan,136.8747543,35.9982091,1968,False,False,False,False,13,4,False,True,https://www.indyskipass.com/our-resorts/takasu-snow-park,No,No,Yes,No
153,Tamarack Mountain Resort,"Donnelly , ID, USA",Donnelly,Idaho,United States,-116.1256351,44.6707683,2800,False,False,False,False,50,7,False,True,https://www.indyskipass.com/our-resorts/tamarack-mountain-resort,No,No,Yes,No
376,Tangram Ski Circus,"Shinano, Nagano, Japan",Shinano,Nagano,Japan,138.2604231,36.8533811,1706,False,False,False,False,17,5,True,False,https://www.indyskipass.com/our-resorts/tangram-ski-circus,No,Yes,No,No
154,Tazawako,"Tazawako, Tohoku",Semboku,Akita,Japan,140.7681328,39.7623337,1995,False,False,False,False,13,6,False,True,https://www.indyskipass.com/our-resorts/tazawako,No,No,Yes,No
301,Telemark Nordic Center,"Kelowna, BC, CA",Kelowna,British Columbia,Canada,-119.7175073,49.863107,,True,False,True,False,30,,True,False,https://www.indyskipass.com/our-resorts/telemark-nordic-center,No,Yes,No,No
155,Terry Peak,"Lead, SD, USA",Lead,South Dakota,United States,-103.8429043,44.3345768,1100,False,False,False,False,30,5,False,True,https://www.indyskipass.com/our-resorts/terry-peak,No,No,Yes,No
157,Titus Mountain,"Malone, NY, USA",Malone,New York,United States,-74.2378371,44.7634267,1200,False,False,False,False,53,9,True,True,https://www.indyskipass.com/our-resorts/titus-mountain,No,Yes,Yes,No
158,Togakushi Ski Resort,"Nagano, Japan",Nagano,Nagano,Japan,138.0920507,36.754361,1732,False,False,False,False,19,7,False,True,https://www.indyskipass.com/our-resorts/togakushi-ski-resort,No,No,Yes,No
302,Trapp Family Lodge,"Stowe, VT, USA",Stowe,Vermont,United States,-72.7477526,44.4654613,800,True,False,True,False,24,,False,False,https://www.indyskipass.com/our-resorts/trapp-family-lodge,No,No,No,No
159,Tree Tops Resort,"Gayord, MI, USA",Gaylord,Michigan,United States,-84.5887653,45.0343188,225,True,True,False,False,25,5,True,True,https://www.indyskipass.com/our-resorts/tree-tops-resort,Yes,Yes,Yes,No
160,Trollhaugen,"Dresser, WI, USA",Dresser,Wisconsin,United States,-92.6206738,45.3513159,280,False,False,False,False,30,8,True,True,https://www.indyskipass.com/our-resorts/trollhaugen,No,Yes,Yes,No
304,Turpin Meadow Ranch,"Jackson , WY, USA",Jackson,Wyoming,United States,-110.2708794,43.8549223,600,True,False,True,False,7,,True,False,https://www.indyskipass.com/our-resorts/turpin-meadow-ranch,No,Yes,No,No
161,Tussey Mountain,"State College, PA, USA",State College,Pennsylvania,United States,-77.7565121,40.769202,500,False,False,False,False,8,5,True,True,https://www.indyskipass.com/our-resorts/tussey-mountain,No,Yes,Yes,No
162,Tyrol Basin Ski and Snowboard,"Mt. Horeb, WI, USA",Mount Horeb,Wisconsin,United States,-89.7855207,43.0447546,300,False,False,False,False,24,7,True,True,https://www.indyskipass.com/our-resorts/tyrol-basin-ski-and-snowboard,No,Yes,Yes,No
364,Washigatake Ski Resort,"Gujo, Gifu, Japan",Gujo,Gifu,Japan,136.9169811,35.942471,1444,False,False,False,False,13,4,True,True,https://www.indyskipass.com/our-resorts/washigatake-ski-resort,No,Yes,Yes,No
163,Waterville Valley Resort,"Waterville Valley, NH, USA",Waterville Valley,New Hampshire,United States,-71.528136004038,43.965814884251,2020,True,True,False,False,62,11,True,True,https://www.indyskipass.com/our-resorts/waterville-valley-resort,Yes,Yes,Yes,No
164,West Mountain,"Queensbury, NY, USA",Queensbury,New York,United States,-73.7278653,43.285651,1000,False,False,False,False,35,6,True,True,https://www.indyskipass.com/our-resorts/west-mountain,No,Yes,Yes,No
165,Whaleback Mountain,"Enfield, NH, USA",Enfield,New Hampshire,United States,-72.1828453,43.601705,700,False,False,False,False,31,4,True,True,https://www.indyskipass.com/our-resorts/whaleback-mountain,No,Yes,Yes,No
307,White Grass Ski Touring,"Davis, WV, USA",Davis,West Virginia,United States,-79.4242803,39.019,1200,True,False,True,False,44,,True,False,https://www.indyskipass.com/our-resorts/white-grass-ski-touring,No,Yes,No,No
166,White Pass,"White Pass, WA, USA",,Washington,United States,-121.3950684,46.6366469,2050,False,False,False,False,45,8,True,True,https://www.indyskipass.com/our-resorts/white-pass,No,Yes,Yes,No
308,White Pine Touring Nordic Center,"Park City, UT, USA",Park City,Utah,United States,-111.5135009,40.66233179,,True,False,True,False,5,,False,False,https://www.indyskipass.com/our-resorts/white-pine-touring-nordic-center,No,No,No,No
378,Whitehorse Nordic Centre,"Whitehorse, Yukon, Canada",Whitehorse,Yukon,Canada,-135.1040097,60.7306527,,True,False,True,False,,,True,False,https://www.indyskipass.com/our-resorts/whitehorse-nordic-centre,No,Yes,No,No
363,WhitePIA Takasu,"Gujo, Gifu, Japan",Gujo,Gifu,Japan,136.9300044,35.9558168,1509,False,False,False,False,13,4,False,True,https://www.indyskipass.com/our-resorts/whitepia-takasu,No,No,Yes,No
167,Whitepine Mountain Resort,"Pinedale, WY, USA",Pinedale,Wyoming,United States,-109.7824737,42.9736669,1100,False,False,False,False,29,2,False,True,https://www.indyskipass.com/our-resorts/whitepine-mountain-resort,No,No,Yes,No
309,Williams Lake Cross Country Ski Club,"Williams Lake, BC, CA",Williams Lake,British Columbia,Canada,-122.1228259,52.2464628,410,True,False,True,False,30,,True,False,https://www.indyskipass.com/our-resorts/williams-lake-cross-country-ski-club,No,Yes,No,No
334,Wintergreen,,,,,-78.939293866598,37.93049274977,,False,False,False,False,26,5,True,True,https://www.indyskipass.com/our-resorts/wintergreen,No,Yes,Yes,No
168,Winterplace Ski Resort,"Flat Top , WV, USA",Flat Top,West Virginia,United States,-81.128918,37.596639,603,False,False,False,False,27,10,True,True,https://www.indyskipass.com/our-resorts/winterplace-ski-resort,No,Yes,Yes,No
335,Wisp,,,,,-79.363232023281,39.557463271077,700,False,False,False,False,33,13,True,True,https://www.indyskipass.com/our-resorts/wisp,No,Yes,Yes,No
310,Woodstock Nordic Center,"Woodstock, VT, USA",Woodstock,Vermont,United States,-72.5187081,43.6151845,570,True,False,True,False,48,,False,False,https://www.indyskipass.com/our-resorts/woodstock-nordic-center,No,No,No,No
359,Yuzawa Nakazato Snow Resort,"Yuzawa, Niigata, Japan",Yuzawa,Niigata,Japan,138.8490268,36.9141426,800,False,False,False,False,16,6,False,False,https://www.indyskipass.com/our-resorts/yuzawa-nakazato-snow-resort,No,No,No,No
